device,scan,procName,pid_var
Device1,Scan424,CategoriesService,3448568200.5
Device1,Scan436,CategoriesService,3448568200.5
Device1,Scan440,CategoriesService,3448568200.5
Device1,Scan444,CategoriesService,3448568200.5
Device1,Scan445,CategoriesService,3448568200.5
Device1,Scan457,CategoriesService,3448568200.5
Device1,Scan466,CategoriesService,3448568200.5
Device1,Scan470,CategoriesService,3448568200.5
Device1,Scan471,signpost_reporter,3711255858.0
Device1,Scan476,CategoriesService,3448568200.5
Device1,Scan477,diskimagesiod,2802833320.5
Device1,Scan479,CategoriesService,3448568200.5
Device1,Scan485,CategoriesService,3448568200.5
Device1,Scan507,CategoriesService,3448568200.5
Device1,Scan511,CategoriesService,3448568200.5
Device1,Scan513,CategoriesService,3448568200.5
Device1,Scan517,CategoriesService,3448568200.5
Device1,Scan518,CategoriesService,3448568200.5
Device1,Scan524,CategoriesService,3448568200.5
Device1,Scan525,CategoriesService,3448568200.5
Device1,Scan528,CategoriesService,3448568200.5
Device1,Scan534,CategoriesService,3448568200.5
Device1,Scan557,CategoriesService,3448568200.5
Device1,Scan565,diskimagesiod,2802833320.5
Device1,Scan579,signpost_reporter,3711255858.0
Device1,Scan586,CategoriesService,3448568200.5
Device1,Scan588,CategoriesService,3448568200.5
Device1,Scan591,CategoriesService,3448568200.5
Device1,Scan600,signpost_reporter,3711255858.0
Device1,Scan603,signpost_reporter,3711255858.0
Device1,Scan606,CategoriesService,3448568200.5
Device1,Scan617,CategoriesService,3448568200.5
Device1,Scan619,CategoriesService,3448568200.5
Device1,Scan625,CategoriesService,3448568200.5
Device1,Scan626,CategoriesService,3448568200.5
Device1,Scan627,CategoriesService,2069140920.3
Device1,Scan627,analyticsd,2578694008.3333335
Device1,Scan632,CategoriesService,3448568200.5
Device1,Scan635,CategoriesService,3448568200.5
Device1,Scan638,CategoriesService,3448568200.5
Device1,Scan658,CategoriesService,3448568200.5
Device1,Scan673,CategoriesService,3448568200.5
Device1,Scan674,signpost_reporter,3711255858.0
Device1,Scan675,signpost_reporter,2474170572.0
Device2,Scan6,UserEventAgent,2023208736.2424242
Device2,Scan6,routined,2471888672.0
Device21,Scan72,CacheDeleteAppContainerCaches,2058060324.5
Device28,Scan89,biomed,3152735824.5
Device28,Scan90,biomed,3152735824.5
Device3,Scan5,bluetoothd,2379174289.2857146
Device30,Scan102,absd,3015693122.0
Device30,Scan102,speechmodeltrainingd,2254225512.5
Device30,Scan102,spotlightknowledged,2057033940.5
Device30,Scan103,gamecontrollerd,2140673312.0
Device30,Scan103,mediaanalysisd-service,2176009376.3333335
Device30,Scan103,xpcproxy,2005186322.3
Device30,Scan108,gamecontrollerd,2140673312.0
Device30,Scan108,mediaanalysisd-service,2176009376.3333335
Device30,Scan108,xpcproxy,2005186322.3
Device30,Scan109,DumpBasebandCrash,3899239740.5
Device30,Scan110,absd,3015693122.0
Device30,Scan110,speechmodeltrainingd,2254225512.5
Device30,Scan110,spotlightknowledged,2057033940.5
Device30,Scan112,AppStoreEventServiceExtension,3415511250.0
Device30,Scan113,BatteriesWidgetExtension,2551733345.333333
Device30,Scan113,BatteriesWidgetIntentsExtension,2551675016.3333335
Device30,Scan113,HealthMedicationsWidgetExtensio,2551675016.3333335
Device30,Scan113,MealappWidgetsExtension,2551616688.0
Device30,Scan113,MobileTimerIntents,2551616688.0
Device30,Scan113,PhotoPicker,2715444907.0
Device30,Scan113,SUSFollowUpExtension,4697421664.5
Device30,Scan113,SleepWidgetExtension,2551616688.0
Device30,Scan113,WorldClockWidget,2551616688.0
Device30,Scan113,spotlightknowledged,2488227968.0
Device30,Scan117,DumpBasebandCrash,3899239740.5
Device30,Scan117,terminusd,2080703425.3333335
Device30,Scan122,absd,3015693122.0
Device30,Scan122,com.apple.FTLivePhotoService,3542210280.5
Device30,Scan122,speechmodeltrainingd,2254225512.5
Device30,Scan122,spotlightknowledged,2057033940.5
Device30,Scan32,absd,3015693122.0
Device30,Scan32,speechmodeltrainingd,2254225512.5
Device30,Scan32,spotlightknowledged,2057033940.5
Device30,Scan93,atwakeup,4415838264.5
Device30,Scan95,IMTransferAgent,2149126631.47619
