iOSVersion,iOSModel,pid,readableTimestamp,timestamp,id,device,scan,procName,date,week,year,time_of_day,pid_diff,prev_procName
15.5,"iPhone10,4",36547.0,2024-03-27 15:17:33+00,1711552653,16827619,Device1,Scan435,accessoryupdaterd,2024-03-27,2024_03_week13,2024,15,36479.0,timed
15.5,"iPhone10,4",38561.0,2024-03-28 16:14:58+00,1711642498,16828071,Device1,Scan435,icloudsubscriptionoptimizerd,2024-03-28,2024_03_week13,2024,16,38284.0,diagnosticextensionsd
15.5,"iPhone10,4",40505.0,2024-03-31 19:02:13+00,1711911733,16828503,Device1,Scan435,com.apple.datamigrator,2024-03-31,2024_03_week13,2024,19,40439.0,sharingd
15.5,"iPhone10,4",40651.0,2024-04-02 12:40:04+00,1712061604,16829299,Device1,Scan435,ptpd,2024-04-02,2024_04_week14,2024,12,37177.0,PassbookUIService
15.5,"iPhone10,4",40713.0,2024-04-02 12:45:44+00,1712061944,16830057,Device1,Scan435,CategoriesService,2024-04-02,2024_04_week14,2024,12,40610.0,dasd
15.5,"iPhone10,4",51192.0,2024-04-03 13:16:18+00,1712150178,16830468,Device1,Scan435,accessoryupdaterd,2024-04-03,2024_04_week14,2024,13,51126.0,sharingd
15.5,"iPhone10,4",53451.0,2024-04-05 17:58:57+00,1712339937,16830894,Device1,Scan435,com.apple.datamigrator,2024-04-05,2024_04_week14,2024,17,53181.0,filecoordinationd
15.5,"iPhone10,4",58089.0,2024-04-08 18:51:50+00,1712602310,16831443,Device1,Scan435,com.apple.datamigrator,2024-04-08,2024_04_week15,2024,18,57950.0,WiFiCloudAssetsXPCService
15.5,"iPhone10,4",36547.0,2024-03-27 15:17:33+00,1711552653,16849796,Device1,Scan442,accessoryupdaterd,2024-03-27,2024_03_week13,2024,15,36479.0,timed
15.5,"iPhone10,4",38561.0,2024-03-28 16:14:58+00,1711642498,16850248,Device1,Scan442,icloudsubscriptionoptimizerd,2024-03-28,2024_03_week13,2024,16,38284.0,diagnosticextensionsd
15.5,"iPhone10,4",40505.0,2024-03-31 19:02:13+00,1711911733,16850680,Device1,Scan442,com.apple.datamigrator,2024-03-31,2024_03_week13,2024,19,40439.0,sharingd
15.5,"iPhone10,4",40651.0,2024-04-02 12:40:04+00,1712061604,16851476,Device1,Scan442,ptpd,2024-04-02,2024_04_week14,2024,12,37177.0,PassbookUIService
15.5,"iPhone10,4",40713.0,2024-04-02 12:45:44+00,1712061944,16852234,Device1,Scan442,CategoriesService,2024-04-02,2024_04_week14,2024,12,40610.0,dasd
15.5,"iPhone10,4",51192.0,2024-04-03 13:16:18+00,1712150178,16852645,Device1,Scan442,accessoryupdaterd,2024-04-03,2024_04_week14,2024,13,51126.0,sharingd
15.5,"iPhone10,4",53451.0,2024-04-05 17:58:57+00,1712339937,16853071,Device1,Scan442,com.apple.datamigrator,2024-04-05,2024_04_week14,2024,17,53181.0,filecoordinationd
15.5,"iPhone10,4",58089.0,2024-04-08 18:51:50+00,1712602310,16853620,Device1,Scan442,com.apple.datamigrator,2024-04-08,2024_04_week15,2024,18,57950.0,WiFiCloudAssetsXPCService
15.5,"iPhone10,4",61607.0,2024-04-09 19:35:49+00,1712691349,16854068,Device1,Scan442,backupd,2024-04-09,2024_04_week15,2024,19,61456.0,mobileactivationd
15.5,"iPhone10,4",62883.0,2024-04-11 20:05:40+00,1712865940,16854914,Device1,Scan442,remindd,2024-04-11,2024_04_week15,2024,20,62734.0,pkd
15.5,"iPhone10,4",63819.0,2024-04-14 21:49:03+00,1713131343,16855433,Device1,Scan442,backupd,2024-04-14,2024_04_week15,2024,21,63608.0,mapspushd
15.5,"iPhone10,4",36547.0,2024-03-27 15:17:33+00,1711552653,16895472,Device1,Scan447,accessoryupdaterd,2024-03-27,2024_03_week13,2024,15,36479.0,timed
15.5,"iPhone10,4",38561.0,2024-03-28 16:14:58+00,1711642498,16895924,Device1,Scan447,icloudsubscriptionoptimizerd,2024-03-28,2024_03_week13,2024,16,38284.0,diagnosticextensionsd
15.5,"iPhone10,4",40505.0,2024-03-31 19:02:13+00,1711911733,16896356,Device1,Scan447,com.apple.datamigrator,2024-03-31,2024_03_week13,2024,19,40439.0,sharingd
15.5,"iPhone10,4",40651.0,2024-04-02 12:40:04+00,1712061604,16897152,Device1,Scan447,ptpd,2024-04-02,2024_04_week14,2024,12,37177.0,PassbookUIService
15.5,"iPhone10,4",40713.0,2024-04-02 12:45:44+00,1712061944,16897910,Device1,Scan447,CategoriesService,2024-04-02,2024_04_week14,2024,12,40610.0,dasd
15.5,"iPhone10,4",51192.0,2024-04-03 13:16:18+00,1712150178,16898321,Device1,Scan447,accessoryupdaterd,2024-04-03,2024_04_week14,2024,13,51126.0,sharingd
15.5,"iPhone10,4",36547.0,2024-03-27 15:17:33+00,1711552653,16923862,Device1,Scan471,accessoryupdaterd,2024-03-27,2024_03_week13,2024,15,36479.0,timed
15.5,"iPhone10,4",38561.0,2024-03-28 16:14:58+00,1711642498,16924314,Device1,Scan471,icloudsubscriptionoptimizerd,2024-03-28,2024_03_week13,2024,16,38284.0,diagnosticextensionsd
15.5,"iPhone10,4",40505.0,2024-03-31 19:02:13+00,1711911733,16924746,Device1,Scan471,com.apple.datamigrator,2024-03-31,2024_03_week13,2024,19,40439.0,sharingd
15.5,"iPhone10,4",40651.0,2024-04-02 12:40:04+00,1712061604,16925542,Device1,Scan471,ptpd,2024-04-02,2024_04_week14,2024,12,37177.0,PassbookUIService
15.5,"iPhone10,4",40713.0,2024-04-02 12:45:44+00,1712061944,16926300,Device1,Scan471,CategoriesService,2024-04-02,2024_04_week14,2024,12,40610.0,dasd
15.5,"iPhone10,4",51192.0,2024-04-03 13:16:18+00,1712150178,16926711,Device1,Scan471,accessoryupdaterd,2024-04-03,2024_04_week14,2024,13,51126.0,sharingd
15.5,"iPhone10,4",53451.0,2024-04-05 17:58:57+00,1712339937,16927137,Device1,Scan471,com.apple.datamigrator,2024-04-05,2024_04_week14,2024,17,53181.0,filecoordinationd
15.5,"iPhone10,4",58089.0,2024-04-08 18:51:50+00,1712602310,16927686,Device1,Scan471,com.apple.datamigrator,2024-04-08,2024_04_week15,2024,18,57950.0,WiFiCloudAssetsXPCService
15.5,"iPhone10,4",61607.0,2024-04-09 19:35:49+00,1712691349,16928134,Device1,Scan471,backupd,2024-04-09,2024_04_week15,2024,19,61456.0,mobileactivationd
15.5,"iPhone10,4",62883.0,2024-04-11 20:05:40+00,1712865940,16928980,Device1,Scan471,remindd,2024-04-11,2024_04_week15,2024,20,62734.0,pkd
15.5,"iPhone10,4",63819.0,2024-04-14 21:49:03+00,1713131343,16929499,Device1,Scan471,backupd,2024-04-14,2024_04_week15,2024,21,63608.0,mapspushd
15.5,"iPhone10,4",65504.0,2024-04-15 20:57:43+00,1713214663,16930346,Device1,Scan471,backupd,2024-04-15,2024_04_week16,2024,20,65408.0,com.apple.AppleUserHIDDrivers
15.5,"iPhone10,4",75418.0,2024-04-17 14:17:50+00,1713363470,16930823,Device1,Scan471,remindd,2024-04-17,2024_04_week16,2024,14,75207.0,mapspushd
15.5,"iPhone10,4",83525.0,2024-04-18 15:08:01+00,1713452881,16931638,Device1,Scan471,backupd,2024-04-18,2024_04_week16,2024,15,83449.0,sleepd
15.5,"iPhone10,4",86424.0,2024-04-21 17:16:16+00,1713719776,16932075,Device1,Scan471,com.apple.datamigrator,2024-04-21,2024_04_week16,2024,17,86341.0,peakpowermanagerd
15.5,"iPhone10,4",86898.0,2024-04-22 18:05:44+00,1713809144,16932886,Device1,Scan471,backupd,2024-04-22,2024_04_week17,2024,18,86680.0,videosubscriptionsd
15.5,"iPhone10,4",88254.0,2024-04-24 18:18:54+00,1713982734,16933720,Device1,Scan471,ReportMemoryException,2024-04-24,2024_04_week17,2024,18,87998.0,AppStore
15.5,"iPhone10,4",88396.0,2024-04-24 18:25:58+00,1713983158,16934109,Device1,Scan471,UARPUpdaterServiceLegacyAudio,2024-04-24,2024_04_week17,2024,18,88184.0,ReportCrash
15.5,"iPhone10,4",86414.0,2024-04-25 09:52:34+00,1714038754,16906183,Device1,Scan471,duetexpertd,2024-04-25,2024_04_week17,2024,9,85111.0,ps
15.5,"iPhone10,4",36547.0,2024-03-27 15:17:33+00,1711552653,16950988,Device1,Scan480,accessoryupdaterd,2024-03-27,2024_03_week13,2024,15,36479.0,timed
15.5,"iPhone10,4",38561.0,2024-03-28 16:14:58+00,1711642498,16951440,Device1,Scan480,icloudsubscriptionoptimizerd,2024-03-28,2024_03_week13,2024,16,38284.0,diagnosticextensionsd
15.5,"iPhone10,4",40505.0,2024-03-31 19:02:13+00,1711911733,16951872,Device1,Scan480,com.apple.datamigrator,2024-03-31,2024_03_week13,2024,19,40439.0,sharingd
15.5,"iPhone10,4",40651.0,2024-04-02 12:40:04+00,1712061604,16952668,Device1,Scan480,ptpd,2024-04-02,2024_04_week14,2024,12,37177.0,PassbookUIService
15.5,"iPhone10,4",40713.0,2024-04-02 12:45:44+00,1712061944,16953426,Device1,Scan480,CategoriesService,2024-04-02,2024_04_week14,2024,12,40610.0,dasd
15.5,"iPhone10,4",51192.0,2024-04-03 13:16:18+00,1712150178,16953837,Device1,Scan480,accessoryupdaterd,2024-04-03,2024_04_week14,2024,13,51126.0,sharingd
15.5,"iPhone10,4",53451.0,2024-04-05 17:58:57+00,1712339937,16954263,Device1,Scan480,com.apple.datamigrator,2024-04-05,2024_04_week14,2024,17,53181.0,filecoordinationd
15.5,"iPhone10,4",58089.0,2024-04-08 18:51:50+00,1712602310,16954812,Device1,Scan480,com.apple.datamigrator,2024-04-08,2024_04_week15,2024,18,57950.0,WiFiCloudAssetsXPCService
15.5,"iPhone10,4",61607.0,2024-04-09 19:35:49+00,1712691349,16955260,Device1,Scan480,backupd,2024-04-09,2024_04_week15,2024,19,61456.0,mobileactivationd
15.5,"iPhone10,4",62883.0,2024-04-11 20:05:40+00,1712865940,16956106,Device1,Scan480,remindd,2024-04-11,2024_04_week15,2024,20,62734.0,pkd
15.5,"iPhone10,4",63819.0,2024-04-14 21:49:03+00,1713131343,16956625,Device1,Scan480,backupd,2024-04-14,2024_04_week15,2024,21,63608.0,mapspushd
15.5,"iPhone10,4",65504.0,2024-04-15 20:57:43+00,1713214663,16957087,Device1,Scan480,backupd,2024-04-15,2024_04_week16,2024,20,65408.0,com.apple.AppleUserHIDDrivers
15.5,"iPhone10,4",36547.0,2024-03-27 15:17:33+00,1711552653,16976972,Device1,Scan500,accessoryupdaterd,2024-03-27,2024_03_week13,2024,15,36479.0,timed
15.5,"iPhone10,4",38561.0,2024-03-28 16:14:58+00,1711642498,16977424,Device1,Scan500,icloudsubscriptionoptimizerd,2024-03-28,2024_03_week13,2024,16,38284.0,diagnosticextensionsd
15.5,"iPhone10,4",40505.0,2024-03-31 19:02:13+00,1711911733,16977856,Device1,Scan500,com.apple.datamigrator,2024-03-31,2024_03_week13,2024,19,40439.0,sharingd
15.5,"iPhone10,4",40651.0,2024-04-02 12:40:04+00,1712061604,16978652,Device1,Scan500,ptpd,2024-04-02,2024_04_week14,2024,12,37177.0,PassbookUIService
15.5,"iPhone10,4",40713.0,2024-04-02 12:45:44+00,1712061944,16979410,Device1,Scan500,CategoriesService,2024-04-02,2024_04_week14,2024,12,40610.0,dasd
15.5,"iPhone10,4",51192.0,2024-04-03 13:16:18+00,1712150178,16979821,Device1,Scan500,accessoryupdaterd,2024-04-03,2024_04_week14,2024,13,51126.0,sharingd
15.5,"iPhone10,4",53451.0,2024-04-05 17:58:57+00,1712339937,16980247,Device1,Scan500,com.apple.datamigrator,2024-04-05,2024_04_week14,2024,17,53181.0,filecoordinationd
15.5,"iPhone10,4",58089.0,2024-04-08 18:51:50+00,1712602310,16980796,Device1,Scan500,com.apple.datamigrator,2024-04-08,2024_04_week15,2024,18,57950.0,WiFiCloudAssetsXPCService
15.5,"iPhone10,4",61607.0,2024-04-09 19:35:49+00,1712691349,16981244,Device1,Scan500,backupd,2024-04-09,2024_04_week15,2024,19,61456.0,mobileactivationd
15.5,"iPhone10,4",62883.0,2024-04-11 20:05:40+00,1712865940,16982090,Device1,Scan500,remindd,2024-04-11,2024_04_week15,2024,20,62734.0,pkd
15.5,"iPhone10,4",63819.0,2024-04-14 21:49:03+00,1713131343,16982609,Device1,Scan500,backupd,2024-04-14,2024_04_week15,2024,21,63608.0,mapspushd
15.5,"iPhone10,4",65504.0,2024-04-15 20:57:43+00,1713214663,16983071,Device1,Scan500,backupd,2024-04-15,2024_04_week16,2024,20,65408.0,com.apple.AppleUserHIDDrivers
15.5,"iPhone10,4",36547.0,2024-03-27 15:17:33+00,1711552653,17002274,Device1,Scan508,accessoryupdaterd,2024-03-27,2024_03_week13,2024,15,36479.0,timed
15.5,"iPhone10,4",38561.0,2024-03-28 16:14:58+00,1711642498,17002726,Device1,Scan508,icloudsubscriptionoptimizerd,2024-03-28,2024_03_week13,2024,16,38284.0,diagnosticextensionsd
15.5,"iPhone10,4",40505.0,2024-03-31 19:02:13+00,1711911733,17003158,Device1,Scan508,com.apple.datamigrator,2024-03-31,2024_03_week13,2024,19,40439.0,sharingd
15.5,"iPhone10,4",40651.0,2024-04-02 12:40:04+00,1712061604,17003954,Device1,Scan508,ptpd,2024-04-02,2024_04_week14,2024,12,37177.0,PassbookUIService
15.5,"iPhone10,4",40713.0,2024-04-02 12:45:44+00,1712061944,17004712,Device1,Scan508,CategoriesService,2024-04-02,2024_04_week14,2024,12,40610.0,dasd
15.5,"iPhone10,4",51192.0,2024-04-03 13:16:18+00,1712150178,17005123,Device1,Scan508,accessoryupdaterd,2024-04-03,2024_04_week14,2024,13,51126.0,sharingd
15.5,"iPhone10,4",53451.0,2024-04-05 17:58:57+00,1712339937,17005549,Device1,Scan508,com.apple.datamigrator,2024-04-05,2024_04_week14,2024,17,53181.0,filecoordinationd
15.5,"iPhone10,4",36547.0,2024-03-27 15:17:33+00,1711552653,17059375,Device1,Scan546,accessoryupdaterd,2024-03-27,2024_03_week13,2024,15,36479.0,timed
15.5,"iPhone10,4",38561.0,2024-03-28 16:14:58+00,1711642498,17059827,Device1,Scan546,icloudsubscriptionoptimizerd,2024-03-28,2024_03_week13,2024,16,38284.0,diagnosticextensionsd
15.5,"iPhone10,4",40505.0,2024-03-31 19:02:13+00,1711911733,17060259,Device1,Scan546,com.apple.datamigrator,2024-03-31,2024_03_week13,2024,19,40439.0,sharingd
15.5,"iPhone10,4",40651.0,2024-04-02 12:40:04+00,1712061604,17061055,Device1,Scan546,ptpd,2024-04-02,2024_04_week14,2024,12,37177.0,PassbookUIService
15.5,"iPhone10,4",40713.0,2024-04-02 12:45:44+00,1712061944,17061813,Device1,Scan546,CategoriesService,2024-04-02,2024_04_week14,2024,12,40610.0,dasd
15.5,"iPhone10,4",51192.0,2024-04-03 13:16:18+00,1712150178,17062224,Device1,Scan546,accessoryupdaterd,2024-04-03,2024_04_week14,2024,13,51126.0,sharingd
15.5,"iPhone10,4",53451.0,2024-04-05 17:58:57+00,1712339937,17062650,Device1,Scan546,com.apple.datamigrator,2024-04-05,2024_04_week14,2024,17,53181.0,filecoordinationd
15.5,"iPhone10,4",58089.0,2024-04-08 18:51:50+00,1712602310,17063199,Device1,Scan546,com.apple.datamigrator,2024-04-08,2024_04_week15,2024,18,57950.0,WiFiCloudAssetsXPCService
15.5,"iPhone10,4",36547.0,2024-03-27 15:17:33+00,1711552653,17097548,Device1,Scan579,accessoryupdaterd,2024-03-27,2024_03_week13,2024,15,36479.0,timed
15.5,"iPhone10,4",38561.0,2024-03-28 16:14:58+00,1711642498,17098000,Device1,Scan579,icloudsubscriptionoptimizerd,2024-03-28,2024_03_week13,2024,16,38284.0,diagnosticextensionsd
15.5,"iPhone10,4",40505.0,2024-03-31 19:02:13+00,1711911733,17098432,Device1,Scan579,com.apple.datamigrator,2024-03-31,2024_03_week13,2024,19,40439.0,sharingd
15.5,"iPhone10,4",40651.0,2024-04-02 12:40:04+00,1712061604,17099228,Device1,Scan579,ptpd,2024-04-02,2024_04_week14,2024,12,37177.0,PassbookUIService
15.5,"iPhone10,4",40713.0,2024-04-02 12:45:44+00,1712061944,17099986,Device1,Scan579,CategoriesService,2024-04-02,2024_04_week14,2024,12,40610.0,dasd
15.5,"iPhone10,4",51192.0,2024-04-03 13:16:18+00,1712150178,17100397,Device1,Scan579,accessoryupdaterd,2024-04-03,2024_04_week14,2024,13,51126.0,sharingd
15.5,"iPhone10,4",53451.0,2024-04-05 17:58:57+00,1712339937,17100823,Device1,Scan579,com.apple.datamigrator,2024-04-05,2024_04_week14,2024,17,53181.0,filecoordinationd
15.5,"iPhone10,4",58089.0,2024-04-08 18:51:50+00,1712602310,17101372,Device1,Scan579,com.apple.datamigrator,2024-04-08,2024_04_week15,2024,18,57950.0,WiFiCloudAssetsXPCService
15.5,"iPhone10,4",61607.0,2024-04-09 19:35:49+00,1712691349,17101820,Device1,Scan579,backupd,2024-04-09,2024_04_week15,2024,19,61456.0,mobileactivationd
15.5,"iPhone10,4",62883.0,2024-04-11 20:05:40+00,1712865940,17102666,Device1,Scan579,remindd,2024-04-11,2024_04_week15,2024,20,62734.0,pkd
15.5,"iPhone10,4",63819.0,2024-04-14 21:49:03+00,1713131343,17103185,Device1,Scan579,backupd,2024-04-14,2024_04_week15,2024,21,63608.0,mapspushd
15.5,"iPhone10,4",65504.0,2024-04-15 20:57:43+00,1713214663,17103647,Device1,Scan579,backupd,2024-04-15,2024_04_week16,2024,20,65408.0,com.apple.AppleUserHIDDrivers
15.5,"iPhone10,4",75418.0,2024-04-17 14:17:50+00,1713363470,17104124,Device1,Scan579,remindd,2024-04-17,2024_04_week16,2024,14,75207.0,mapspushd
15.5,"iPhone10,4",83525.0,2024-04-18 15:08:01+00,1713452881,17104939,Device1,Scan579,backupd,2024-04-18,2024_04_week16,2024,15,83449.0,sleepd
15.5,"iPhone10,4",86424.0,2024-04-21 17:16:16+00,1713719776,17105376,Device1,Scan579,com.apple.datamigrator,2024-04-21,2024_04_week16,2024,17,86341.0,peakpowermanagerd
15.5,"iPhone10,4",86898.0,2024-04-22 18:05:44+00,1713809144,17106187,Device1,Scan579,backupd,2024-04-22,2024_04_week17,2024,18,86680.0,videosubscriptionsd
15.5,"iPhone10,4",88254.0,2024-04-24 18:18:54+00,1713982734,17107021,Device1,Scan579,ReportMemoryException,2024-04-24,2024_04_week17,2024,18,87998.0,AppStore
15.5,"iPhone10,4",88396.0,2024-04-24 18:25:58+00,1713983158,17107410,Device1,Scan579,UARPUpdaterServiceLegacyAudio,2024-04-24,2024_04_week17,2024,18,88184.0,ReportCrash
15.5,"iPhone10,4",86414.0,2024-04-26 11:24:44+00,1714130684,17080793,Device1,Scan579,duetexpertd,2024-04-26,2024_04_week17,2024,11,83700.0,taskinfo
15.5,"iPhone10,4",36547.0,2024-03-27 15:17:33+00,1711552653,17125133,Device1,Scan580,accessoryupdaterd,2024-03-27,2024_03_week13,2024,15,36479.0,timed
15.5,"iPhone10,4",38561.0,2024-03-28 16:14:58+00,1711642498,17125585,Device1,Scan580,icloudsubscriptionoptimizerd,2024-03-28,2024_03_week13,2024,16,38284.0,diagnosticextensionsd
15.5,"iPhone10,4",40505.0,2024-03-31 19:02:13+00,1711911733,17126017,Device1,Scan580,com.apple.datamigrator,2024-03-31,2024_03_week13,2024,19,40439.0,sharingd
15.5,"iPhone10,4",40651.0,2024-04-02 12:40:04+00,1712061604,17126813,Device1,Scan580,ptpd,2024-04-02,2024_04_week14,2024,12,37177.0,PassbookUIService
15.5,"iPhone10,4",40713.0,2024-04-02 12:45:44+00,1712061944,17127571,Device1,Scan580,CategoriesService,2024-04-02,2024_04_week14,2024,12,40610.0,dasd
15.5,"iPhone10,4",51192.0,2024-04-03 13:16:18+00,1712150178,17127982,Device1,Scan580,accessoryupdaterd,2024-04-03,2024_04_week14,2024,13,51126.0,sharingd
15.5,"iPhone10,4",53451.0,2024-04-05 17:58:57+00,1712339937,17128408,Device1,Scan580,com.apple.datamigrator,2024-04-05,2024_04_week14,2024,17,53181.0,filecoordinationd
15.5,"iPhone10,4",58089.0,2024-04-08 18:51:50+00,1712602310,17128957,Device1,Scan580,com.apple.datamigrator,2024-04-08,2024_04_week15,2024,18,57950.0,WiFiCloudAssetsXPCService
15.5,"iPhone10,4",36547.0,2024-03-27 15:17:33+00,1711552653,17164948,Device1,Scan600,accessoryupdaterd,2024-03-27,2024_03_week13,2024,15,36479.0,timed
15.5,"iPhone10,4",38561.0,2024-03-28 16:14:58+00,1711642498,17165400,Device1,Scan600,icloudsubscriptionoptimizerd,2024-03-28,2024_03_week13,2024,16,38284.0,diagnosticextensionsd
15.5,"iPhone10,4",40505.0,2024-03-31 19:02:13+00,1711911733,17165832,Device1,Scan600,com.apple.datamigrator,2024-03-31,2024_03_week13,2024,19,40439.0,sharingd
15.5,"iPhone10,4",40651.0,2024-04-02 12:40:04+00,1712061604,17166628,Device1,Scan600,ptpd,2024-04-02,2024_04_week14,2024,12,37177.0,PassbookUIService
15.5,"iPhone10,4",40713.0,2024-04-02 12:45:44+00,1712061944,17167386,Device1,Scan600,CategoriesService,2024-04-02,2024_04_week14,2024,12,40610.0,dasd
15.5,"iPhone10,4",51192.0,2024-04-03 13:16:18+00,1712150178,17167797,Device1,Scan600,accessoryupdaterd,2024-04-03,2024_04_week14,2024,13,51126.0,sharingd
15.5,"iPhone10,4",53451.0,2024-04-05 17:58:57+00,1712339937,17168223,Device1,Scan600,com.apple.datamigrator,2024-04-05,2024_04_week14,2024,17,53181.0,filecoordinationd
15.5,"iPhone10,4",58089.0,2024-04-08 18:51:50+00,1712602310,17168772,Device1,Scan600,com.apple.datamigrator,2024-04-08,2024_04_week15,2024,18,57950.0,WiFiCloudAssetsXPCService
15.5,"iPhone10,4",61607.0,2024-04-09 19:35:49+00,1712691349,17169220,Device1,Scan600,backupd,2024-04-09,2024_04_week15,2024,19,61456.0,mobileactivationd
15.5,"iPhone10,4",62883.0,2024-04-11 20:05:40+00,1712865940,17170066,Device1,Scan600,remindd,2024-04-11,2024_04_week15,2024,20,62734.0,pkd
15.5,"iPhone10,4",63819.0,2024-04-14 21:49:03+00,1713131343,17170585,Device1,Scan600,backupd,2024-04-14,2024_04_week15,2024,21,63608.0,mapspushd
15.5,"iPhone10,4",65504.0,2024-04-15 20:57:43+00,1713214663,17171047,Device1,Scan600,backupd,2024-04-15,2024_04_week16,2024,20,65408.0,com.apple.AppleUserHIDDrivers
15.5,"iPhone10,4",75418.0,2024-04-17 14:17:50+00,1713363470,17171524,Device1,Scan600,remindd,2024-04-17,2024_04_week16,2024,14,75207.0,mapspushd
15.5,"iPhone10,4",83525.0,2024-04-18 15:08:01+00,1713452881,17172339,Device1,Scan600,backupd,2024-04-18,2024_04_week16,2024,15,83449.0,sleepd
15.5,"iPhone10,4",86424.0,2024-04-21 17:16:16+00,1713719776,17172776,Device1,Scan600,com.apple.datamigrator,2024-04-21,2024_04_week16,2024,17,86341.0,peakpowermanagerd
15.5,"iPhone10,4",36547.0,2024-03-27 15:17:33+00,1711552653,17178878,Device1,Scan601,accessoryupdaterd,2024-03-27,2024_03_week13,2024,15,36479.0,timed
15.5,"iPhone10,4",38561.0,2024-03-28 16:14:58+00,1711642498,17179330,Device1,Scan601,icloudsubscriptionoptimizerd,2024-03-28,2024_03_week13,2024,16,38284.0,diagnosticextensionsd
15.5,"iPhone10,4",40505.0,2024-03-31 19:02:13+00,1711911733,17179762,Device1,Scan601,com.apple.datamigrator,2024-03-31,2024_03_week13,2024,19,40439.0,sharingd
15.5,"iPhone10,4",40651.0,2024-04-02 12:40:04+00,1712061604,17180558,Device1,Scan601,ptpd,2024-04-02,2024_04_week14,2024,12,37177.0,PassbookUIService
15.5,"iPhone10,4",40713.0,2024-04-02 12:45:44+00,1712061944,17181316,Device1,Scan601,CategoriesService,2024-04-02,2024_04_week14,2024,12,40610.0,dasd
15.5,"iPhone10,4",51192.0,2024-04-03 13:16:18+00,1712150178,17181727,Device1,Scan601,accessoryupdaterd,2024-04-03,2024_04_week14,2024,13,51126.0,sharingd
15.5,"iPhone10,4",53451.0,2024-04-05 17:58:57+00,1712339937,17182153,Device1,Scan601,com.apple.datamigrator,2024-04-05,2024_04_week14,2024,17,53181.0,filecoordinationd
15.5,"iPhone10,4",36547.0,2024-03-27 15:17:33+00,1711552653,17196840,Device1,Scan603,accessoryupdaterd,2024-03-27,2024_03_week13,2024,15,36479.0,timed
15.5,"iPhone10,4",38561.0,2024-03-28 16:14:58+00,1711642498,17197292,Device1,Scan603,icloudsubscriptionoptimizerd,2024-03-28,2024_03_week13,2024,16,38284.0,diagnosticextensionsd
15.5,"iPhone10,4",40505.0,2024-03-31 19:02:13+00,1711911733,17197724,Device1,Scan603,com.apple.datamigrator,2024-03-31,2024_03_week13,2024,19,40439.0,sharingd
15.5,"iPhone10,4",40651.0,2024-04-02 12:40:04+00,1712061604,17198520,Device1,Scan603,ptpd,2024-04-02,2024_04_week14,2024,12,37177.0,PassbookUIService
15.5,"iPhone10,4",40713.0,2024-04-02 12:45:44+00,1712061944,17199278,Device1,Scan603,CategoriesService,2024-04-02,2024_04_week14,2024,12,40610.0,dasd
15.5,"iPhone10,4",51192.0,2024-04-03 13:16:18+00,1712150178,17199689,Device1,Scan603,accessoryupdaterd,2024-04-03,2024_04_week14,2024,13,51126.0,sharingd
15.5,"iPhone10,4",53451.0,2024-04-05 17:58:57+00,1712339937,17200115,Device1,Scan603,com.apple.datamigrator,2024-04-05,2024_04_week14,2024,17,53181.0,filecoordinationd
15.5,"iPhone10,4",58089.0,2024-04-08 18:51:50+00,1712602310,17200664,Device1,Scan603,com.apple.datamigrator,2024-04-08,2024_04_week15,2024,18,57950.0,WiFiCloudAssetsXPCService
15.5,"iPhone10,4",61607.0,2024-04-09 19:35:49+00,1712691349,17201112,Device1,Scan603,backupd,2024-04-09,2024_04_week15,2024,19,61456.0,mobileactivationd
15.5,"iPhone10,4",62883.0,2024-04-11 20:05:40+00,1712865940,17201958,Device1,Scan603,remindd,2024-04-11,2024_04_week15,2024,20,62734.0,pkd
15.5,"iPhone10,4",63819.0,2024-04-14 21:49:03+00,1713131343,17202477,Device1,Scan603,backupd,2024-04-14,2024_04_week15,2024,21,63608.0,mapspushd
15.5,"iPhone10,4",65504.0,2024-04-15 20:57:43+00,1713214663,17202939,Device1,Scan603,backupd,2024-04-15,2024_04_week16,2024,20,65408.0,com.apple.AppleUserHIDDrivers
15.5,"iPhone10,4",75418.0,2024-04-17 14:17:50+00,1713363470,17203416,Device1,Scan603,remindd,2024-04-17,2024_04_week16,2024,14,75207.0,mapspushd
15.5,"iPhone10,4",83525.0,2024-04-18 15:08:01+00,1713452881,17204231,Device1,Scan603,backupd,2024-04-18,2024_04_week16,2024,15,83449.0,sleepd
15.5,"iPhone10,4",86424.0,2024-04-21 17:16:16+00,1713719776,17204668,Device1,Scan603,com.apple.datamigrator,2024-04-21,2024_04_week16,2024,17,86341.0,peakpowermanagerd
15.5,"iPhone10,4",86898.0,2024-04-22 18:05:44+00,1713809144,17205479,Device1,Scan603,backupd,2024-04-22,2024_04_week17,2024,18,86680.0,videosubscriptionsd
15.5,"iPhone10,4",88254.0,2024-04-24 18:18:54+00,1713982734,17206313,Device1,Scan603,ReportMemoryException,2024-04-24,2024_04_week17,2024,18,87998.0,AppStore
15.5,"iPhone10,4",36547.0,2024-03-27 15:17:33+00,1711552653,17231533,Device1,Scan629,accessoryupdaterd,2024-03-27,2024_03_week13,2024,15,36479.0,timed
15.5,"iPhone10,4",38561.0,2024-03-28 16:14:58+00,1711642498,17231985,Device1,Scan629,icloudsubscriptionoptimizerd,2024-03-28,2024_03_week13,2024,16,38284.0,diagnosticextensionsd
15.5,"iPhone10,4",40505.0,2024-03-31 19:02:13+00,1711911733,17232417,Device1,Scan629,com.apple.datamigrator,2024-03-31,2024_03_week13,2024,19,40439.0,sharingd
15.5,"iPhone10,4",40651.0,2024-04-02 12:40:04+00,1712061604,17233213,Device1,Scan629,ptpd,2024-04-02,2024_04_week14,2024,12,37177.0,PassbookUIService
15.5,"iPhone10,4",40713.0,2024-04-02 12:45:44+00,1712061944,17233971,Device1,Scan629,CategoriesService,2024-04-02,2024_04_week14,2024,12,40610.0,dasd
15.5,"iPhone10,4",51192.0,2024-04-03 13:16:18+00,1712150178,17234382,Device1,Scan629,accessoryupdaterd,2024-04-03,2024_04_week14,2024,13,51126.0,sharingd
15.5,"iPhone10,4",53451.0,2024-04-05 17:58:57+00,1712339937,17234808,Device1,Scan629,com.apple.datamigrator,2024-04-05,2024_04_week14,2024,17,53181.0,filecoordinationd
15.5,"iPhone10,4",58089.0,2024-04-08 18:51:50+00,1712602310,17235357,Device1,Scan629,com.apple.datamigrator,2024-04-08,2024_04_week15,2024,18,57950.0,WiFiCloudAssetsXPCService
15.5,"iPhone10,4",61607.0,2024-04-09 19:35:49+00,1712691349,17235805,Device1,Scan629,backupd,2024-04-09,2024_04_week15,2024,19,61456.0,mobileactivationd
15.5,"iPhone10,4",62883.0,2024-04-11 20:05:40+00,1712865940,17236651,Device1,Scan629,remindd,2024-04-11,2024_04_week15,2024,20,62734.0,pkd
15.5,"iPhone10,4",63819.0,2024-04-14 21:49:03+00,1713131343,17237170,Device1,Scan629,backupd,2024-04-14,2024_04_week15,2024,21,63608.0,mapspushd
15.5,"iPhone10,4",65504.0,2024-04-15 20:57:43+00,1713214663,17237632,Device1,Scan629,backupd,2024-04-15,2024_04_week16,2024,20,65408.0,com.apple.AppleUserHIDDrivers
15.5,"iPhone10,4",75418.0,2024-04-17 14:17:50+00,1713363470,17238109,Device1,Scan629,remindd,2024-04-17,2024_04_week16,2024,14,75207.0,mapspushd
15.5,"iPhone10,4",36547.0,2024-03-27 15:17:33+00,1711552653,17265444,Device1,Scan655,accessoryupdaterd,2024-03-27,2024_03_week13,2024,15,36479.0,timed
15.5,"iPhone10,4",38561.0,2024-03-28 16:14:58+00,1711642498,17265896,Device1,Scan655,icloudsubscriptionoptimizerd,2024-03-28,2024_03_week13,2024,16,38284.0,diagnosticextensionsd
15.5,"iPhone10,4",40505.0,2024-03-31 19:02:13+00,1711911733,17266328,Device1,Scan655,com.apple.datamigrator,2024-03-31,2024_03_week13,2024,19,40439.0,sharingd
15.5,"iPhone10,4",40651.0,2024-04-02 12:40:04+00,1712061604,17267124,Device1,Scan655,ptpd,2024-04-02,2024_04_week14,2024,12,37177.0,PassbookUIService
15.5,"iPhone10,4",40713.0,2024-04-02 12:45:44+00,1712061944,17267882,Device1,Scan655,CategoriesService,2024-04-02,2024_04_week14,2024,12,40610.0,dasd
15.5,"iPhone10,4",51192.0,2024-04-03 13:16:18+00,1712150178,17268293,Device1,Scan655,accessoryupdaterd,2024-04-03,2024_04_week14,2024,13,51126.0,sharingd
15.5,"iPhone10,4",53451.0,2024-04-05 17:58:57+00,1712339937,17268719,Device1,Scan655,com.apple.datamigrator,2024-04-05,2024_04_week14,2024,17,53181.0,filecoordinationd
15.5,"iPhone10,4",58089.0,2024-04-08 18:51:50+00,1712602310,17269268,Device1,Scan655,com.apple.datamigrator,2024-04-08,2024_04_week15,2024,18,57950.0,WiFiCloudAssetsXPCService
15.5,"iPhone10,4",61607.0,2024-04-09 19:35:49+00,1712691349,17269716,Device1,Scan655,backupd,2024-04-09,2024_04_week15,2024,19,61456.0,mobileactivationd
15.5,"iPhone10,4",62883.0,2024-04-11 20:05:40+00,1712865940,17270562,Device1,Scan655,remindd,2024-04-11,2024_04_week15,2024,20,62734.0,pkd
15.5,"iPhone10,4",36547.0,2024-03-27 15:17:33+00,1711552653,17307049,Device1,Scan674,accessoryupdaterd,2024-03-27,2024_03_week13,2024,15,36479.0,timed
15.5,"iPhone10,4",38561.0,2024-03-28 16:14:58+00,1711642498,17307501,Device1,Scan674,icloudsubscriptionoptimizerd,2024-03-28,2024_03_week13,2024,16,38284.0,diagnosticextensionsd
15.5,"iPhone10,4",40505.0,2024-03-31 19:02:13+00,1711911733,17307933,Device1,Scan674,com.apple.datamigrator,2024-03-31,2024_03_week13,2024,19,40439.0,sharingd
15.5,"iPhone10,4",40651.0,2024-04-02 12:40:04+00,1712061604,17308729,Device1,Scan674,ptpd,2024-04-02,2024_04_week14,2024,12,37177.0,PassbookUIService
15.5,"iPhone10,4",40713.0,2024-04-02 12:45:44+00,1712061944,17309487,Device1,Scan674,CategoriesService,2024-04-02,2024_04_week14,2024,12,40610.0,dasd
15.5,"iPhone10,4",51192.0,2024-04-03 13:16:18+00,1712150178,17309898,Device1,Scan674,accessoryupdaterd,2024-04-03,2024_04_week14,2024,13,51126.0,sharingd
15.5,"iPhone10,4",53451.0,2024-04-05 17:58:57+00,1712339937,17310324,Device1,Scan674,com.apple.datamigrator,2024-04-05,2024_04_week14,2024,17,53181.0,filecoordinationd
15.5,"iPhone10,4",58089.0,2024-04-08 18:51:50+00,1712602310,17310873,Device1,Scan674,com.apple.datamigrator,2024-04-08,2024_04_week15,2024,18,57950.0,WiFiCloudAssetsXPCService
15.5,"iPhone10,4",61607.0,2024-04-09 19:35:49+00,1712691349,17311321,Device1,Scan674,backupd,2024-04-09,2024_04_week15,2024,19,61456.0,mobileactivationd
15.5,"iPhone10,4",62883.0,2024-04-11 20:05:40+00,1712865940,17312167,Device1,Scan674,remindd,2024-04-11,2024_04_week15,2024,20,62734.0,pkd
15.5,"iPhone10,4",63819.0,2024-04-14 21:49:03+00,1713131343,17312686,Device1,Scan674,backupd,2024-04-14,2024_04_week15,2024,21,63608.0,mapspushd
15.5,"iPhone10,4",65504.0,2024-04-15 20:57:43+00,1713214663,17313148,Device1,Scan674,backupd,2024-04-15,2024_04_week16,2024,20,65408.0,com.apple.AppleUserHIDDrivers
15.5,"iPhone10,4",75418.0,2024-04-17 14:17:50+00,1713363470,17313625,Device1,Scan674,remindd,2024-04-17,2024_04_week16,2024,14,75207.0,mapspushd
15.5,"iPhone10,4",83525.0,2024-04-18 15:08:01+00,1713452881,17314440,Device1,Scan674,backupd,2024-04-18,2024_04_week16,2024,15,83449.0,sleepd
15.5,"iPhone10,4",86424.0,2024-04-21 17:16:16+00,1713719776,17314877,Device1,Scan674,com.apple.datamigrator,2024-04-21,2024_04_week16,2024,17,86341.0,peakpowermanagerd
15.5,"iPhone10,4",86898.0,2024-04-22 18:05:44+00,1713809144,17315688,Device1,Scan674,backupd,2024-04-22,2024_04_week17,2024,18,86680.0,videosubscriptionsd
15.5,"iPhone10,4",36547.0,2024-03-27 15:17:33+00,1711552653,17321794,Device1,Scan675,accessoryupdaterd,2024-03-27,2024_03_week13,2024,15,36479.0,timed
15.5,"iPhone10,4",38561.0,2024-03-28 16:14:58+00,1711642498,17322246,Device1,Scan675,icloudsubscriptionoptimizerd,2024-03-28,2024_03_week13,2024,16,38284.0,diagnosticextensionsd
15.5,"iPhone10,4",40505.0,2024-03-31 19:02:13+00,1711911733,17322678,Device1,Scan675,com.apple.datamigrator,2024-03-31,2024_03_week13,2024,19,40439.0,sharingd
15.5,"iPhone10,4",40651.0,2024-04-02 12:40:04+00,1712061604,17323474,Device1,Scan675,ptpd,2024-04-02,2024_04_week14,2024,12,37177.0,PassbookUIService
15.5,"iPhone10,4",40713.0,2024-04-02 12:45:44+00,1712061944,17324232,Device1,Scan675,CategoriesService,2024-04-02,2024_04_week14,2024,12,40610.0,dasd
15.5,"iPhone10,4",51192.0,2024-04-03 13:16:18+00,1712150178,17324643,Device1,Scan675,accessoryupdaterd,2024-04-03,2024_04_week14,2024,13,51126.0,sharingd
15.5,"iPhone10,4",53451.0,2024-04-05 17:58:57+00,1712339937,17325069,Device1,Scan675,com.apple.datamigrator,2024-04-05,2024_04_week14,2024,17,53181.0,filecoordinationd
15.5,"iPhone10,4",58089.0,2024-04-08 18:51:50+00,1712602310,17325618,Device1,Scan675,com.apple.datamigrator,2024-04-08,2024_04_week15,2024,18,57950.0,WiFiCloudAssetsXPCService
15.5,"iPhone10,4",61607.0,2024-04-09 19:35:49+00,1712691349,17326066,Device1,Scan675,backupd,2024-04-09,2024_04_week15,2024,19,61456.0,mobileactivationd
15.5,"iPhone10,4",62883.0,2024-04-11 20:05:40+00,1712865940,17326912,Device1,Scan675,remindd,2024-04-11,2024_04_week15,2024,20,62734.0,pkd
15.5,"iPhone10,4",63819.0,2024-04-14 21:49:03+00,1713131343,17327431,Device1,Scan675,backupd,2024-04-14,2024_04_week15,2024,21,63608.0,mapspushd
15.5,"iPhone10,4",65504.0,2024-04-15 20:57:43+00,1713214663,17327893,Device1,Scan675,backupd,2024-04-15,2024_04_week16,2024,20,65408.0,com.apple.AppleUserHIDDrivers
15.5,"iPhone10,4",75418.0,2024-04-17 14:17:50+00,1713363470,17328370,Device1,Scan675,remindd,2024-04-17,2024_04_week16,2024,14,75207.0,mapspushd
15.5,"iPhone10,4",83525.0,2024-04-18 15:08:01+00,1713452881,17329185,Device1,Scan675,backupd,2024-04-18,2024_04_week16,2024,15,83449.0,sleepd
15.5,"iPhone10,4",86424.0,2024-04-21 17:16:16+00,1713719776,17329622,Device1,Scan675,com.apple.datamigrator,2024-04-21,2024_04_week16,2024,17,86341.0,peakpowermanagerd
15.5,"iPhone10,4",86898.0,2024-04-22 18:05:44+00,1713809144,17330433,Device1,Scan675,backupd,2024-04-22,2024_04_week17,2024,18,86680.0,videosubscriptionsd
16.5,unknown,28417.0,2023-06-06 03:43:36+00,1686023016,11288501,Device12,Scan16,OTATaskingAgent,2023-06-06,2023_06_week23,2023,3,28317.0,notifyd
17.3.1,"iPhone13,2",29126.0,2024-03-11 12:16:36+00,1710159396,50592,Device17,Scan844,UserEventAgent,2024-03-11,2024_03_week11,2024,12,29125.0,launchd
16.6.1,unknown,32691.0,2023-11-20 15:54:21+00,1700495661,11444301,Device18,Scan18,OTATaskingAgent,2023-11-20,2023_11_week47,2023,15,32622.0,locationd
16.6.1,unknown,32691.0,2023-11-20 15:54:21+00,1700495661,11513162,Device18,Scan27,OTATaskingAgent,2023-11-20,2023_11_week47,2023,15,32622.0,locationd
16.4.1,unknown,92908.0,2023-04-23 12:57:46+00,1682254666,13421579,Device19,Scan58,findmydeviced,2023-04-23,2023_04_week16,2023,12,27509.0,locationd
16.4.1,unknown,92908.0,2023-04-27 15:58:44+00,1682611124,13423179,Device19,Scan59,findmydeviced,2023-04-27,2023_04_week17,2023,15,27509.0,locationd
16.3.1,unknown,21848.0,2023-06-08 17:54:10+00,1686246850,13748523,Device22,Scan78,OTATaskingAgent,2023-06-08,2023_06_week23,2023,17,21347.0,Citibank
16.3.1,unknown,24259.0,2023-06-09 20:32:24+00,1686342744,13750415,Device22,Scan78,PerfPowerServicesSignpostReader,2023-06-09,2023_06_week23,2023,20,23852.0,nanomediaremotelinkagent
16.3.1,unknown,27976.0,2023-06-11 03:50:03+00,1686455403,13753035,Device22,Scan78,iconservicesagent,2023-06-11,2023_06_week23,2023,3,27569.0,nanomediaremotelinkagent
16.4.1,unknown,82863.0,2023-06-07 10:21:02+00,1686133262,13561305,Device24,Scan73,useractivityd,2023-06-07,2023_06_week23,2023,10,33630.0,assetsd
16.4.1,unknown,82863.0,2023-06-07 10:21:02+00,1686133262,13650487,Device24,Scan79,useractivityd,2023-06-07,2023_06_week23,2023,10,33630.0,assetsd
16.5,unknown,22338.0,2023-06-08 21:13:02+00,1686258782,13915063,Device27,Scan84,TeamsNotificationServiceExtensi,2023-06-08,2023_06_week23,2023,21,22337.0,launchd
16.6.1,unknown,30876.0,2023-09-21 08:07:40+00,1695283660,13983595,Device28,Scan88,idcredd,2023-09-21,2023_09_week38,2023,8,30875.0,launchd
16.2,unknown,28096.0,2023-03-22 07:14:29+00,1679469269,14427202,Device30,Scan101,UserEventAgent,2023-03-22,2023_03_week12,2023,7,28095.0,launchd
16.2,unknown,28096.0,2023-03-23 05:07:59+00,1679548079,14428153,Device30,Scan101,UserEventAgent,2023-03-23,2023_03_week12,2023,5,28095.0,launchd
16.2,unknown,28096.0,2023-03-23 05:29:09+00,1679549349,14428435,Device30,Scan101,UserEventAgent,2023-03-23,2023_03_week12,2023,5,28095.0,launchd
16.2,unknown,28096.0,2023-03-24 05:29:38+00,1679635778,14430038,Device30,Scan101,UserEventAgent,2023-03-24,2023_03_week12,2023,5,28095.0,launchd
16.2,unknown,28096.0,2023-03-25 15:07:28+00,1679756848,14431354,Device30,Scan101,UserEventAgent,2023-03-25,2023_03_week12,2023,15,28095.0,launchd
16.2,unknown,28096.0,2023-03-26 15:01:45+00,1679842905,14432297,Device30,Scan101,UserEventAgent,2023-03-26,2023_03_week12,2023,15,28095.0,launchd
16.2,unknown,28096.0,2023-03-27 16:05:05+00,1679933105,14433478,Device30,Scan101,UserEventAgent,2023-03-27,2023_03_week13,2023,16,28095.0,launchd
16.2,unknown,28096.0,2023-03-27 16:05:14+00,1679933114,14433846,Device30,Scan101,UserEventAgent,2023-03-27,2023_03_week13,2023,16,28095.0,launchd
16.2,unknown,28096.0,2023-03-28 20:55:59+00,1680036959,14435161,Device30,Scan101,UserEventAgent,2023-03-28,2023_03_week13,2023,20,28095.0,launchd
16.2,unknown,67806.0,2023-03-28 21:01:16+00,1680037276,14435203,Device30,Scan101,OTATaskingAgent,2023-03-28,2023_03_week13,2023,21,39576.0,nsurlsessiond
16.2,unknown,28096.0,2023-03-30 17:24:23+00,1680197063,14436831,Device30,Scan101,UserEventAgent,2023-03-30,2023_03_week13,2023,17,28095.0,launchd
16.2,unknown,28096.0,2023-03-30 17:49:41+00,1680198581,14437212,Device30,Scan101,UserEventAgent,2023-03-30,2023_03_week13,2023,17,28095.0,launchd
16.2,unknown,75953.0,2023-03-30 18:05:46+00,1680199546,14437223,Device30,Scan101,parsecd,2023-03-30,2023_03_week13,2023,18,47338.0,TwixlContainer
16.2,unknown,28096.0,2023-03-30 22:41:40+00,1680216100,14437684,Device30,Scan101,UserEventAgent,2023-03-30,2023_03_week13,2023,22,28095.0,launchd
16.2,unknown,20769.0,2023-04-04 17:04:12+00,1680627852,14442951,Device30,Scan101,OTATaskingAgent,2023-04-04,2023_04_week14,2023,17,20660.0,biometrickitd
16.2,unknown,33897.0,2023-04-06 21:04:14+00,1680815054,14445867,Device30,Scan101,PassKitEngagementExtension,2023-04-06,2023_04_week14,2023,21,32790.0,Etsy
15.5,unknown,34022.0,2022-08-12 14:56:57+00,1660316217,14877466,Device30,Scan102,accessoryupdaterd,2022-08-12,2022_08_week32,2022,14,33757.0,com.apple.FaceTime.FTConversati
15.5,unknown,56842.0,2022-08-15 19:55:15+00,1660593315,14885156,Device30,Scan102,App,2022-08-15,2022_08_week33,2022,19,47525.0,OOG104
15.5,unknown,71656.0,2022-08-17 14:00:42+00,1660744842,14890425,Device30,Scan102,ClassPass,2022-08-17,2022_08_week33,2022,14,71505.0,syncdefaultsd
15.5,unknown,79582.0,2022-08-18 21:41:11+00,1660858871,14897829,Device30,Scan102,mapspushd,2022-08-18,2022_08_week33,2022,21,78612.0,coreidvd
15.5,unknown,23657.0,2022-08-22 20:09:18+00,1661198958,14907261,Device30,Scan102,coreduetd,2022-08-22,2022_08_week34,2022,20,22046.0,abm-helper
15.5,unknown,44178.0,2022-08-23 20:49:25+00,1661287765,14912639,Device30,Scan102,coreauthd,2022-08-23,2022_08_week34,2022,20,20521.0,coreduetd
15.5,unknown,44178.0,2022-08-24 15:22:04+00,1661354524,14915375,Device30,Scan102,coreauthd,2022-08-24,2022_08_week34,2022,15,20521.0,coreduetd
15.5,unknown,44178.0,2022-08-24 15:54:20+00,1661356460,14917223,Device30,Scan102,coreauthd,2022-08-24,2022_08_week34,2022,15,20521.0,coreduetd
15.5,unknown,44178.0,2022-08-25 13:12:31+00,1661433151,14918753,Device30,Scan102,coreauthd,2022-08-25,2022_08_week34,2022,13,20521.0,coreduetd
15.5,unknown,25870.0,2022-08-26 20:12:58+00,1661544778,14920776,Device30,Scan102,OTATaskingAgent,2022-08-26,2022_08_week34,2022,20,25806.0,SpringBoard
15.5,unknown,44178.0,2022-08-28 12:35:20+00,1661690120,14922763,Device30,Scan102,coreauthd,2022-08-28,2022_08_week34,2022,12,20521.0,coreduetd
15.5,unknown,63421.0,2022-08-28 13:21:00+00,1661692860,14923115,Device30,Scan102,kbd,2022-08-28,2022_08_week34,2022,13,31146.0,abm-helper
15.5,unknown,44178.0,2022-08-28 13:21:01+00,1661692861,14923119,Device30,Scan102,coreauthd,2022-08-28,2022_08_week34,2022,13,20521.0,coreduetd
15.5,unknown,32532.0,2022-08-31 13:22:02+00,1661952122,14926296,Device30,Scan102,searchd,2022-08-31,2022_08_week35,2022,13,32435.0,com.apple.AppleUserHIDDrivers
15.5,unknown,73682.0,2022-08-31 13:22:02+00,1661952122,14926298,Device30,Scan102,analyticsd,2022-08-31,2022_08_week35,2022,13,27327.0,GoogleCalendar
15.5,unknown,56242.0,2022-08-31 13:27:18+00,1661952438,14926316,Device30,Scan102,OTATaskingAgent,2022-08-31,2022_08_week35,2022,13,56209.0,runningboardd
15.5,unknown,32532.0,2022-09-01 14:27:38+00,1662042458,14927485,Device30,Scan102,searchd,2022-09-01,2022_09_week35,2022,14,32435.0,com.apple.AppleUserHIDDrivers
15.5,unknown,73682.0,2022-09-01 14:27:38+00,1662042458,14927487,Device30,Scan102,analyticsd,2022-09-01,2022_09_week35,2022,14,40168.0,UO
15.5,unknown,32532.0,2022-09-01 14:46:43+00,1662043603,14928326,Device30,Scan102,searchd,2022-09-01,2022_09_week35,2022,14,32435.0,com.apple.AppleUserHIDDrivers
15.5,unknown,32532.0,2022-09-01 14:46:53+00,1662043613,14929131,Device30,Scan102,searchd,2022-09-01,2022_09_week35,2022,14,32435.0,com.apple.AppleUserHIDDrivers
15.5,unknown,73682.0,2022-09-01 14:46:53+00,1662043613,14929133,Device30,Scan102,analyticsd,2022-09-01,2022_09_week35,2022,14,39408.0,Zoom
15.5,unknown,32532.0,2022-09-01 22:29:52+00,1662071392,14930103,Device30,Scan102,searchd,2022-09-01,2022_09_week35,2022,22,32435.0,com.apple.AppleUserHIDDrivers
15.5,unknown,32532.0,2022-09-02 13:22:29+00,1662124949,14931095,Device30,Scan102,searchd,2022-09-02,2022_09_week35,2022,13,32435.0,com.apple.AppleUserHIDDrivers
15.5,unknown,32532.0,2022-09-02 18:51:42+00,1662144702,14932028,Device30,Scan102,searchd,2022-09-02,2022_09_week35,2022,18,32435.0,com.apple.AppleUserHIDDrivers
15.5,unknown,73682.0,2022-09-02 18:51:42+00,1662144702,14932030,Device30,Scan102,analyticsd,2022-09-02,2022_09_week35,2022,18,41005.0,geod
15.5,unknown,32532.0,2022-09-03 13:22:29+00,1662211349,14933440,Device30,Scan102,searchd,2022-09-03,2022_09_week35,2022,13,32435.0,com.apple.AppleUserHIDDrivers
15.5,unknown,32532.0,2022-09-04 15:25:53+00,1662305153,14936024,Device30,Scan102,searchd,2022-09-04,2022_09_week35,2022,15,32435.0,com.apple.AppleUserHIDDrivers
15.5,unknown,32608.0,2022-09-05 18:22:48+00,1662402168,14938448,Device30,Scan102,syncdefaultsd,2022-09-05,2022_09_week36,2022,18,32511.0,com.apple.AppleUserHIDDrivers
15.5,unknown,32629.0,2022-09-06 20:27:16+00,1662496036,14942938,Device30,Scan102,rtcreportingd,2022-09-06,2022_09_week36,2022,20,32532.0,com.apple.AppleUserHIDDrivers
15.5,unknown,62468.0,2022-09-06 20:27:16+00,1662496036,14942917,Device30,Scan102,dasd,2022-09-06,2022_09_week36,2022,20,21513.0,IOMFB_bics_daemon
15.5,unknown,99900.0,2022-09-06 22:53:07+00,1662504787,14943614,Device30,Scan102,Gmail,2022-09-06,2022_09_week36,2022,22,99791.0,com.apple.WebKit.Networking
15.5,unknown,98122.0,2022-09-07 20:56:00+00,1662584160,14944375,Device30,Scan102,wcd,2022-09-07,2022_09_week36,2022,20,93928.0,abm-helper
15.5,unknown,32633.0,2022-09-07 20:56:01+00,1662584161,14944518,Device30,Scan102,bluetoothd,2022-09-07,2022_09_week36,2022,20,32536.0,com.apple.AppleUserHIDDrivers
15.5,unknown,62468.0,2022-09-07 20:56:01+00,1662584161,14944498,Device30,Scan102,dasd,2022-09-07,2022_09_week36,2022,20,21513.0,IOMFB_bics_daemon
15.5,unknown,32633.0,2022-09-08 11:47:26+00,1662637646,14945030,Device30,Scan102,bluetoothd,2022-09-08,2022_09_week36,2022,11,30131.0,CarPlay
15.5,unknown,62468.0,2022-09-08 11:47:26+00,1662637646,14945010,Device30,Scan102,dasd,2022-09-08,2022_09_week36,2022,11,21513.0,IOMFB_bics_daemon
15.5,unknown,32633.0,2022-09-08 11:48:43+00,1662637723,14945352,Device30,Scan102,bluetoothd,2022-09-08,2022_09_week36,2022,11,25570.0,abm-helper
15.5,unknown,62468.0,2022-09-08 11:48:43+00,1662637723,14945332,Device30,Scan102,dasd,2022-09-08,2022_09_week36,2022,11,21513.0,IOMFB_bics_daemon
15.5,unknown,91909.0,2022-09-08 11:49:50+00,1662637790,14945634,Device30,Scan102,Etsy,2022-09-08,2022_09_week36,2022,11,84829.0,abm-helper
15.5,unknown,32633.0,2022-09-08 11:49:51+00,1662637791,14945674,Device30,Scan102,bluetoothd,2022-09-08,2022_09_week36,2022,11,32536.0,com.apple.AppleUserHIDDrivers
15.5,unknown,62468.0,2022-09-08 11:49:51+00,1662637791,14945654,Device30,Scan102,dasd,2022-09-08,2022_09_week36,2022,11,21513.0,IOMFB_bics_daemon
15.5,unknown,32633.0,2022-09-08 11:50:32+00,1662637832,14945996,Device30,Scan102,bluetoothd,2022-09-08,2022_09_week36,2022,11,25539.0,abm-helper
15.5,unknown,62468.0,2022-09-08 11:50:32+00,1662637832,14945976,Device30,Scan102,dasd,2022-09-08,2022_09_week36,2022,11,21513.0,IOMFB_bics_daemon
15.5,unknown,91911.0,2022-09-09 12:11:37+00,1662725497,14946581,Device30,Scan102,Sheets,2022-09-09,2022_09_week36,2022,12,80512.0,aggregated
15.5,unknown,32633.0,2022-09-09 12:11:38+00,1662725498,14946619,Device30,Scan102,bluetoothd,2022-09-09,2022_09_week36,2022,12,32536.0,com.apple.AppleUserHIDDrivers
15.5,unknown,74283.0,2022-09-09 12:11:38+00,1662725498,14946599,Device30,Scan102,locationd,2022-09-09,2022_09_week36,2022,12,33328.0,IOMFB_bics_daemon
15.5,unknown,32633.0,2022-09-09 12:11:48+00,1662725508,14946932,Device30,Scan102,bluetoothd,2022-09-09,2022_09_week36,2022,12,24038.0,fileproviderd
15.5,unknown,74283.0,2022-09-09 12:11:48+00,1662725508,14946912,Device30,Scan102,locationd,2022-09-09,2022_09_week36,2022,12,33328.0,IOMFB_bics_daemon
15.5,unknown,78228.0,2022-09-11 11:50:50+00,1662897050,14948528,Device30,Scan102,contextstored,2022-09-11,2022_09_week36,2022,11,37273.0,IOMFB_bics_daemon
15.5,unknown,78228.0,2022-09-12 12:41:10+00,1662986470,14949304,Device30,Scan102,contextstored,2022-09-12,2022_09_week37,2022,12,37273.0,IOMFB_bics_daemon
15.5,unknown,78228.0,2022-09-12 13:14:23+00,1662988463,14949664,Device30,Scan102,contextstored,2022-09-12,2022_09_week37,2022,13,37273.0,IOMFB_bics_daemon
15.5,unknown,78228.0,2022-09-12 22:13:37+00,1663020817,14950232,Device30,Scan102,contextstored,2022-09-12,2022_09_week37,2022,22,37273.0,IOMFB_bics_daemon
15.5,unknown,98672.0,2022-09-13 22:15:11+00,1663107311,14950859,Device30,Scan102,App,2022-09-13,2022_09_week37,2022,22,62242.0,abm-helper
15.5,unknown,32633.0,2022-09-13 22:15:12+00,1663107312,14950914,Device30,Scan102,bluetoothd,2022-09-13,2022_09_week37,2022,22,32536.0,com.apple.AppleUserHIDDrivers
15.5,unknown,78228.0,2022-09-13 22:15:12+00,1663107312,14950894,Device30,Scan102,contextstored,2022-09-13,2022_09_week37,2022,22,37273.0,IOMFB_bics_daemon
15.5,unknown,68651.0,2022-06-17 21:16:55+00,1655500615,14703196,Device30,Scan103,ind,2022-06-17,2022_06_week24,2022,21,37825.0,StreetEasy
15.5,unknown,92071.0,2022-06-20 15:38:26+00,1655739506,14709639,Device30,Scan103,routined,2022-06-20,2022_06_week25,2022,15,90091.0,abm-helper
15.5,unknown,89634.0,2022-06-21 20:42:07+00,1655844127,14710648,Device30,Scan103,TorGuard,2022-06-21,2022_06_week25,2022,20,78896.0,abm-helper
15.5,unknown,40573.0,2022-06-25 13:21:35+00,1656163295,14714116,Device30,Scan103,replayd,2022-06-25,2022_06_week25,2022,13,40517.0,wifid
15.5,unknown,92636.0,2022-06-26 13:17:53+00,1656249473,14715327,Device30,Scan103,mediaremoted,2022-06-26,2022_06_week25,2022,13,27589.0,profiled
15.5,unknown,92636.0,2022-06-27 20:12:53+00,1656360773,14716568,Device30,Scan103,mediaremoted,2022-06-27,2022_06_week26,2022,20,27589.0,profiled
15.5,unknown,92636.0,2022-06-27 20:23:42+00,1656361422,14716919,Device30,Scan103,mediaremoted,2022-06-27,2022_06_week26,2022,20,27589.0,profiled
16.2,unknown,31440.0,2023-05-18 16:12:59+00,1684426379,14687848,Device30,Scan104,OTATaskingAgent,2023-05-18,2023_05_week20,2023,16,29889.0,Amtrak
16.2,unknown,33248.0,2023-05-19 23:01:45+00,1684537305,14690482,Device30,Scan104,MobilePhone,2023-05-19,2023_05_week20,2023,23,31702.0,Audible
16.2,unknown,28096.0,2023-03-22 07:14:29+00,1679469269,14586408,Device30,Scan105,UserEventAgent,2023-03-22,2023_03_week12,2023,7,28095.0,launchd
16.2,unknown,28096.0,2023-03-23 05:07:59+00,1679548079,14589359,Device30,Scan105,UserEventAgent,2023-03-23,2023_03_week12,2023,5,28095.0,launchd
16.2,unknown,28096.0,2023-03-23 05:29:09+00,1679549349,14590641,Device30,Scan105,UserEventAgent,2023-03-23,2023_03_week12,2023,5,28095.0,launchd
16.2,unknown,28096.0,2023-03-24 05:29:38+00,1679635778,14595244,Device30,Scan105,UserEventAgent,2023-03-24,2023_03_week12,2023,5,28095.0,launchd
16.2,unknown,28096.0,2023-03-25 15:07:28+00,1679756848,14599060,Device30,Scan105,UserEventAgent,2023-03-25,2023_03_week12,2023,15,28095.0,launchd
15.5,unknown,32688.0,2022-08-04 16:46:32+00,1659631592,14547550,Device30,Scan106,mapspushd,2022-08-04,2022_08_week31,2022,16,31477.0,ParlorSocialClub
15.5,unknown,22478.0,2022-08-08 06:25:30+00,1659939930,14566478,Device30,Scan106,remotemanagementd,2022-08-08,2022_08_week32,2022,6,20672.0,Lemonade
15.5,unknown,32688.0,2022-08-04 16:46:32+00,1659631592,14637280,Device30,Scan107,mapspushd,2022-08-04,2022_08_week31,2022,16,31477.0,ParlorSocialClub
15.5,unknown,22478.0,2022-08-08 06:25:30+00,1659939930,14641208,Device30,Scan107,remotemanagementd,2022-08-08,2022_08_week32,2022,6,20672.0,Lemonade
15.5,unknown,68651.0,2022-06-17 21:16:55+00,1655500615,15063386,Device30,Scan108,ind,2022-06-17,2022_06_week24,2022,21,37825.0,StreetEasy
15.5,unknown,92071.0,2022-06-20 15:38:26+00,1655739506,15070881,Device30,Scan108,routined,2022-06-20,2022_06_week25,2022,15,90091.0,abm-helper
15.5,unknown,89634.0,2022-06-21 20:42:07+00,1655844127,15073890,Device30,Scan108,TorGuard,2022-06-21,2022_06_week25,2022,20,78896.0,abm-helper
15.5,unknown,40573.0,2022-06-25 13:21:35+00,1656163295,15082324,Device30,Scan108,replayd,2022-06-25,2022_06_week25,2022,13,40517.0,wifid
15.5,unknown,92636.0,2022-06-26 13:17:53+00,1656249473,15085035,Device30,Scan108,mediaremoted,2022-06-26,2022_06_week25,2022,13,27589.0,profiled
15.5,unknown,92636.0,2022-06-27 20:12:53+00,1656360773,15087276,Device30,Scan108,mediaremoted,2022-06-27,2022_06_week26,2022,20,27589.0,profiled
15.5,unknown,92636.0,2022-06-27 20:23:42+00,1656361422,15088127,Device30,Scan108,mediaremoted,2022-06-27,2022_06_week26,2022,20,27589.0,profiled
15.5,unknown,24478.0,2022-11-10 20:30:51+00,1668112251,14891265,Device30,Scan109,LinkedIn,2022-11-10,2022_11_week45,2022,20,22416.0,com.apple.WebKit.WebContent
15.5,unknown,29346.0,2022-11-11 22:25:44+00,1668205544,14892875,Device30,Scan109,mapspushd,2022-11-11,2022_11_week45,2022,22,29254.0,fairplayd.H2
15.5,unknown,99993.0,2022-11-24 18:26:00+00,1669314360,14917846,Device30,Scan109,LinkedIn,2022-11-24,2022_11_week47,2022,18,99864.0,MTLCompilerService
15.5,unknown,34022.0,2022-08-12 14:56:57+00,1660316217,15008443,Device30,Scan110,accessoryupdaterd,2022-08-12,2022_08_week32,2022,14,33757.0,com.apple.FaceTime.FTConversati
15.5,unknown,56842.0,2022-08-15 19:55:15+00,1660593315,15011633,Device30,Scan110,App,2022-08-15,2022_08_week33,2022,19,47525.0,OOG104
15.5,unknown,71656.0,2022-08-17 14:00:42+00,1660744842,15013402,Device30,Scan110,ClassPass,2022-08-17,2022_08_week33,2022,14,71505.0,syncdefaultsd
15.5,unknown,79582.0,2022-08-18 21:41:11+00,1660858871,15015806,Device30,Scan110,mapspushd,2022-08-18,2022_08_week33,2022,21,78612.0,coreidvd
15.5,unknown,23657.0,2022-08-22 20:09:18+00,1661198958,15018738,Device30,Scan110,coreduetd,2022-08-22,2022_08_week34,2022,20,22046.0,abm-helper
15.5,unknown,44178.0,2022-08-23 20:49:25+00,1661287765,15019616,Device30,Scan110,coreauthd,2022-08-23,2022_08_week34,2022,20,20521.0,coreduetd
15.5,unknown,44178.0,2022-08-24 15:22:04+00,1661354524,15020352,Device30,Scan110,coreauthd,2022-08-24,2022_08_week34,2022,15,20521.0,coreduetd
15.5,unknown,44178.0,2022-08-24 15:54:20+00,1661356460,15020700,Device30,Scan110,coreauthd,2022-08-24,2022_08_week34,2022,15,20521.0,coreduetd
15.5,unknown,44178.0,2022-08-25 13:12:31+00,1661433151,15021230,Device30,Scan110,coreauthd,2022-08-25,2022_08_week34,2022,13,20521.0,coreduetd
15.5,unknown,25870.0,2022-08-26 20:12:58+00,1661544778,15022253,Device30,Scan110,OTATaskingAgent,2022-08-26,2022_08_week34,2022,20,25806.0,SpringBoard
15.5,unknown,44178.0,2022-08-28 12:35:20+00,1661690120,15023204,Device30,Scan110,coreauthd,2022-08-28,2022_08_week34,2022,12,20521.0,coreduetd
15.5,unknown,63421.0,2022-08-28 13:21:00+00,1661692860,15023556,Device30,Scan110,kbd,2022-08-28,2022_08_week34,2022,13,31146.0,abm-helper
15.5,unknown,44178.0,2022-08-28 13:21:01+00,1661692861,15023560,Device30,Scan110,coreauthd,2022-08-28,2022_08_week34,2022,13,20521.0,coreduetd
15.5,unknown,32532.0,2022-08-31 13:22:02+00,1661952122,15025737,Device30,Scan110,searchd,2022-08-31,2022_08_week35,2022,13,32435.0,com.apple.AppleUserHIDDrivers
15.5,unknown,73682.0,2022-08-31 13:22:02+00,1661952122,15025739,Device30,Scan110,analyticsd,2022-08-31,2022_08_week35,2022,13,27327.0,GoogleCalendar
15.5,unknown,56242.0,2022-08-31 13:27:18+00,1661952438,15025757,Device30,Scan110,OTATaskingAgent,2022-08-31,2022_08_week35,2022,13,56209.0,runningboardd
15.5,unknown,32532.0,2022-09-01 14:27:38+00,1662042458,15026426,Device30,Scan110,searchd,2022-09-01,2022_09_week35,2022,14,32435.0,com.apple.AppleUserHIDDrivers
15.5,unknown,73682.0,2022-09-01 14:27:38+00,1662042458,15026428,Device30,Scan110,analyticsd,2022-09-01,2022_09_week35,2022,14,40168.0,UO
15.5,unknown,32532.0,2022-09-01 14:46:43+00,1662043603,15026767,Device30,Scan110,searchd,2022-09-01,2022_09_week35,2022,14,32435.0,com.apple.AppleUserHIDDrivers
15.5,unknown,32532.0,2022-09-01 14:46:53+00,1662043613,15027072,Device30,Scan110,searchd,2022-09-01,2022_09_week35,2022,14,32435.0,com.apple.AppleUserHIDDrivers
15.5,unknown,73682.0,2022-09-01 14:46:53+00,1662043613,15027074,Device30,Scan110,analyticsd,2022-09-01,2022_09_week35,2022,14,39408.0,Zoom
15.5,unknown,32532.0,2022-09-01 22:29:52+00,1662071392,15027544,Device30,Scan110,searchd,2022-09-01,2022_09_week35,2022,22,32435.0,com.apple.AppleUserHIDDrivers
15.5,unknown,32532.0,2022-09-02 13:22:29+00,1662124949,15028036,Device30,Scan110,searchd,2022-09-02,2022_09_week35,2022,13,32435.0,com.apple.AppleUserHIDDrivers
15.5,unknown,32532.0,2022-09-02 18:51:42+00,1662144702,15028469,Device30,Scan110,searchd,2022-09-02,2022_09_week35,2022,18,32435.0,com.apple.AppleUserHIDDrivers
15.5,unknown,73682.0,2022-09-02 18:51:42+00,1662144702,15028471,Device30,Scan110,analyticsd,2022-09-02,2022_09_week35,2022,18,41005.0,geod
15.5,unknown,32532.0,2022-09-03 13:22:29+00,1662211349,15029381,Device30,Scan110,searchd,2022-09-03,2022_09_week35,2022,13,32435.0,com.apple.AppleUserHIDDrivers
15.5,unknown,32532.0,2022-09-04 15:25:53+00,1662305153,15030465,Device30,Scan110,searchd,2022-09-04,2022_09_week35,2022,15,32435.0,com.apple.AppleUserHIDDrivers
15.5,unknown,32608.0,2022-09-05 18:22:48+00,1662402168,15031889,Device30,Scan110,syncdefaultsd,2022-09-05,2022_09_week36,2022,18,32511.0,com.apple.AppleUserHIDDrivers
15.5,unknown,32629.0,2022-09-06 20:27:16+00,1662496036,15033418,Device30,Scan110,rtcreportingd,2022-09-06,2022_09_week36,2022,20,32532.0,com.apple.AppleUserHIDDrivers
15.5,unknown,62468.0,2022-09-06 20:27:16+00,1662496036,15033397,Device30,Scan110,dasd,2022-09-06,2022_09_week36,2022,20,21513.0,IOMFB_bics_daemon
15.5,unknown,99900.0,2022-09-06 22:53:07+00,1662504787,15033594,Device30,Scan110,Gmail,2022-09-06,2022_09_week36,2022,22,99791.0,com.apple.WebKit.Networking
15.5,unknown,98122.0,2022-09-07 20:56:00+00,1662584160,15034140,Device30,Scan110,wcd,2022-09-07,2022_09_week36,2022,20,93928.0,abm-helper
15.5,unknown,32633.0,2022-09-07 20:56:01+00,1662584161,15034283,Device30,Scan110,bluetoothd,2022-09-07,2022_09_week36,2022,20,32536.0,com.apple.AppleUserHIDDrivers
15.5,unknown,62468.0,2022-09-07 20:56:01+00,1662584161,15034263,Device30,Scan110,dasd,2022-09-07,2022_09_week36,2022,20,21513.0,IOMFB_bics_daemon
15.5,unknown,32633.0,2022-09-08 11:47:26+00,1662637646,15034795,Device30,Scan110,bluetoothd,2022-09-08,2022_09_week36,2022,11,30131.0,CarPlay
15.5,unknown,62468.0,2022-09-08 11:47:26+00,1662637646,15034775,Device30,Scan110,dasd,2022-09-08,2022_09_week36,2022,11,21513.0,IOMFB_bics_daemon
15.5,unknown,32633.0,2022-09-08 11:48:43+00,1662637723,15035117,Device30,Scan110,bluetoothd,2022-09-08,2022_09_week36,2022,11,25570.0,abm-helper
15.5,unknown,62468.0,2022-09-08 11:48:43+00,1662637723,15035097,Device30,Scan110,dasd,2022-09-08,2022_09_week36,2022,11,21513.0,IOMFB_bics_daemon
15.5,unknown,91909.0,2022-09-08 11:49:50+00,1662637790,15035399,Device30,Scan110,Etsy,2022-09-08,2022_09_week36,2022,11,84829.0,abm-helper
15.5,unknown,32633.0,2022-09-08 11:49:51+00,1662637791,15035439,Device30,Scan110,bluetoothd,2022-09-08,2022_09_week36,2022,11,32536.0,com.apple.AppleUserHIDDrivers
15.5,unknown,62468.0,2022-09-08 11:49:51+00,1662637791,15035419,Device30,Scan110,dasd,2022-09-08,2022_09_week36,2022,11,21513.0,IOMFB_bics_daemon
15.5,unknown,32633.0,2022-09-08 11:50:32+00,1662637832,15035761,Device30,Scan110,bluetoothd,2022-09-08,2022_09_week36,2022,11,25539.0,abm-helper
15.5,unknown,62468.0,2022-09-08 11:50:32+00,1662637832,15035741,Device30,Scan110,dasd,2022-09-08,2022_09_week36,2022,11,21513.0,IOMFB_bics_daemon
15.5,unknown,91911.0,2022-09-09 12:11:37+00,1662725497,15036346,Device30,Scan110,Sheets,2022-09-09,2022_09_week36,2022,12,80512.0,aggregated
15.5,unknown,32633.0,2022-09-09 12:11:38+00,1662725498,15036384,Device30,Scan110,bluetoothd,2022-09-09,2022_09_week36,2022,12,32536.0,com.apple.AppleUserHIDDrivers
15.5,unknown,74283.0,2022-09-09 12:11:38+00,1662725498,15036364,Device30,Scan110,locationd,2022-09-09,2022_09_week36,2022,12,33328.0,IOMFB_bics_daemon
15.5,unknown,32633.0,2022-09-09 12:11:48+00,1662725508,15036697,Device30,Scan110,bluetoothd,2022-09-09,2022_09_week36,2022,12,24038.0,fileproviderd
15.5,unknown,74283.0,2022-09-09 12:11:48+00,1662725508,15036677,Device30,Scan110,locationd,2022-09-09,2022_09_week36,2022,12,33328.0,IOMFB_bics_daemon
15.5,unknown,78228.0,2022-09-11 11:50:50+00,1662897050,15038293,Device30,Scan110,contextstored,2022-09-11,2022_09_week36,2022,11,37273.0,IOMFB_bics_daemon
15.5,unknown,78228.0,2022-09-12 12:41:10+00,1662986470,15039069,Device30,Scan110,contextstored,2022-09-12,2022_09_week37,2022,12,37273.0,IOMFB_bics_daemon
15.5,unknown,78228.0,2022-09-12 13:14:23+00,1662988463,15039429,Device30,Scan110,contextstored,2022-09-12,2022_09_week37,2022,13,37273.0,IOMFB_bics_daemon
15.5,unknown,78228.0,2022-09-12 22:13:37+00,1663020817,15039997,Device30,Scan110,contextstored,2022-09-12,2022_09_week37,2022,22,37273.0,IOMFB_bics_daemon
15.5,unknown,98672.0,2022-09-13 22:15:11+00,1663107311,15040624,Device30,Scan110,App,2022-09-13,2022_09_week37,2022,22,62242.0,abm-helper
15.5,unknown,32633.0,2022-09-13 22:15:12+00,1663107312,15040679,Device30,Scan110,bluetoothd,2022-09-13,2022_09_week37,2022,22,32536.0,com.apple.AppleUserHIDDrivers
15.5,unknown,78228.0,2022-09-13 22:15:12+00,1663107312,15040659,Device30,Scan110,contextstored,2022-09-13,2022_09_week37,2022,22,37273.0,IOMFB_bics_daemon
15.5,unknown,20938.0,2022-12-09 23:08:38+00,1670627318,14871173,Device30,Scan111,PassbookUIService,2022-12-09,2022_12_week49,2022,23,20795.0,apsd
15.5,unknown,45661.0,2022-12-09 23:13:45+00,1670627625,14871222,Device30,Scan111,OTATaskingAgent,2022-12-09,2022_12_week49,2022,23,23048.0,mobicint-ios
15.5,unknown,20938.0,2022-12-11 17:30:21+00,1670779821,14872097,Device30,Scan111,PassbookUIService,2022-12-11,2022_12_week49,2022,17,20795.0,apsd
15.5,unknown,23480.0,2022-12-11 17:31:38+00,1670779898,14872384,Device30,Scan111,NameIdPhase2,2022-12-11,2022_12_week49,2022,17,23375.0,analyticsd
15.5,unknown,20938.0,2022-12-11 17:31:39+00,1670779899,14872456,Device30,Scan111,PassbookUIService,2022-12-11,2022_12_week49,2022,17,20795.0,apsd
15.5,unknown,52487.0,2022-12-11 17:36:48+00,1670780208,14872498,Device30,Scan111,NANDTaskScheduler,2022-12-11,2022_12_week49,2022,17,29009.0,ClassPass
15.5,unknown,22500.0,2022-12-12 23:45:22+00,1670888722,14873392,Device30,Scan111,navd,2022-12-12,2022_12_week50,2022,23,22357.0,apsd
15.5,unknown,60845.0,2022-12-12 23:50:40+00,1670889040,14873430,Device30,Scan111,com.apple.WebKit.WebContent,2022-12-12,2022_12_week50,2022,23,37348.0,Raya
16.2,unknown,31440.0,2023-05-18 16:12:59+00,1684426379,15060538,Device30,Scan112,OTATaskingAgent,2023-05-18,2023_05_week20,2023,16,29889.0,Amtrak
16.2,unknown,33248.0,2023-05-19 23:01:45+00,1684537305,15062672,Device30,Scan112,MobilePhone,2023-05-19,2023_05_week20,2023,23,31702.0,Audible
16.2,unknown,74697.0,2023-05-26 18:09:44+00,1685124584,15085664,Device30,Scan112,MTLCompilerService,2023-05-26,2023_05_week21,2023,18,71533.0,siriinferenced
16.2,unknown,80767.0,2023-05-27 18:10:10+00,1685211010,15088750,Device30,Scan112,OTATaskingAgent,2023-05-27,2023_05_week21,2023,18,64808.0,Family
16.2,unknown,84911.0,2023-05-28 18:36:44+00,1685299004,15090357,Device30,Scan112,nanotimekitcompaniond,2023-05-28,2023_05_week21,2023,18,37179.0,Keep
16.2,unknown,89068.0,2023-05-31 13:54:59+00,1685541299,15092990,Device30,Scan112,Spotlight,2023-05-31,2023_05_week22,2023,13,87812.0,The RealReal
16.2,unknown,99973.0,2023-06-01 12:19:23+00,1685621963,15094337,Device30,Scan112,com.apple.WebKit.GPU,2023-06-01,2023_06_week22,2023,12,99805.0,nanotimekitcompaniond
16.2,unknown,20769.0,2023-04-04 17:04:12+00,1680627852,14792904,Device30,Scan113,OTATaskingAgent,2023-04-04,2023_04_week14,2023,17,20660.0,biometrickitd
16.2,unknown,33897.0,2023-04-06 21:04:14+00,1680815054,14797347,Device30,Scan113,PassKitEngagementExtension,2023-04-06,2023_04_week14,2023,21,32790.0,Etsy
16.2,unknown,45353.0,2023-04-09 14:00:36+00,1681048836,14800352,Device30,Scan113,appstored,2023-04-09,2023_04_week14,2023,14,22499.0,geod
16.2,unknown,74544.0,2023-04-14 11:28:56+00,1681471736,14810437,Device30,Scan113,EscrowSecurityAlert,2023-04-14,2023_04_week15,2023,11,46242.0,MobileSafari
16.2,unknown,99943.0,2023-04-19 01:17:55+00,1681867075,14822374,Device30,Scan113,proximitycontrold,2023-04-19,2023_04_week16,2023,1,99756.0,nanotimekitcompaniond
16.2,unknown,20769.0,2023-04-04 17:04:12+00,1680627852,14845628,Device30,Scan114,OTATaskingAgent,2023-04-04,2023_04_week14,2023,17,20660.0,biometrickitd
16.2,unknown,33897.0,2023-04-06 21:04:14+00,1680815054,14849044,Device30,Scan114,PassKitEngagementExtension,2023-04-06,2023_04_week14,2023,21,32790.0,Etsy
16.2,unknown,45353.0,2023-04-09 14:00:36+00,1681048836,14854549,Device30,Scan114,appstored,2023-04-09,2023_04_week14,2023,14,22499.0,geod
16.2,unknown,30027.0,2023-03-11 00:24:53+00,1678494293,15152611,Device30,Scan115,OTATaskingAgent,2023-03-11,2023_03_week10,2023,0,29960.0,sharingd
16.2,unknown,48662.0,2023-03-14 06:44:07+00,1678776247,15156288,Device30,Scan115,UserEventAgent,2023-03-14,2023_03_week11,2023,6,48661.0,launchd
16.2,unknown,48662.0,2023-03-15 13:51:56+00,1678888316,15158460,Device30,Scan115,UserEventAgent,2023-03-15,2023_03_week11,2023,13,48661.0,launchd
16.2,unknown,48662.0,2023-03-15 15:07:29+00,1678892849,15158851,Device30,Scan115,UserEventAgent,2023-03-15,2023_03_week11,2023,15,48661.0,launchd
16.2,unknown,48662.0,2023-03-16 15:08:06+00,1678979286,15160683,Device30,Scan115,UserEventAgent,2023-03-16,2023_03_week11,2023,15,48661.0,launchd
15.5,unknown,24478.0,2022-11-10 20:30:51+00,1668112251,15200932,Device30,Scan117,LinkedIn,2022-11-10,2022_11_week45,2022,20,22416.0,com.apple.WebKit.WebContent
15.5,unknown,29346.0,2022-11-11 22:25:44+00,1668205544,15202042,Device30,Scan117,mapspushd,2022-11-11,2022_11_week45,2022,22,29254.0,fairplayd.H2
15.5,unknown,99993.0,2022-11-24 18:26:00+00,1669314360,15221513,Device30,Scan117,LinkedIn,2022-11-24,2022_11_week47,2022,18,99864.0,MTLCompilerService
15.5,unknown,34022.0,2022-08-12 14:56:57+00,1660316217,15242326,Device30,Scan122,accessoryupdaterd,2022-08-12,2022_08_week32,2022,14,33757.0,com.apple.FaceTime.FTConversati
15.5,unknown,56842.0,2022-08-15 19:55:15+00,1660593315,15245516,Device30,Scan122,App,2022-08-15,2022_08_week33,2022,19,47525.0,OOG104
15.5,unknown,71656.0,2022-08-17 14:00:42+00,1660744842,15247285,Device30,Scan122,ClassPass,2022-08-17,2022_08_week33,2022,14,71505.0,syncdefaultsd
15.5,unknown,79582.0,2022-08-18 21:41:11+00,1660858871,15249689,Device30,Scan122,mapspushd,2022-08-18,2022_08_week33,2022,21,78612.0,coreidvd
15.5,unknown,23657.0,2022-08-22 20:09:18+00,1661198958,15252621,Device30,Scan122,coreduetd,2022-08-22,2022_08_week34,2022,20,22046.0,abm-helper
15.5,unknown,44178.0,2022-08-23 20:49:25+00,1661287765,15253499,Device30,Scan122,coreauthd,2022-08-23,2022_08_week34,2022,20,20521.0,coreduetd
15.5,unknown,44178.0,2022-08-24 15:22:04+00,1661354524,15254235,Device30,Scan122,coreauthd,2022-08-24,2022_08_week34,2022,15,20521.0,coreduetd
15.5,unknown,44178.0,2022-08-24 15:54:20+00,1661356460,15254583,Device30,Scan122,coreauthd,2022-08-24,2022_08_week34,2022,15,20521.0,coreduetd
15.5,unknown,44178.0,2022-08-25 13:12:31+00,1661433151,15255113,Device30,Scan122,coreauthd,2022-08-25,2022_08_week34,2022,13,20521.0,coreduetd
15.5,unknown,25870.0,2022-08-26 20:12:58+00,1661544778,15256136,Device30,Scan122,OTATaskingAgent,2022-08-26,2022_08_week34,2022,20,25806.0,SpringBoard
15.5,unknown,44178.0,2022-08-28 12:35:20+00,1661690120,15257087,Device30,Scan122,coreauthd,2022-08-28,2022_08_week34,2022,12,20521.0,coreduetd
15.5,unknown,63421.0,2022-08-28 13:21:00+00,1661692860,15257439,Device30,Scan122,kbd,2022-08-28,2022_08_week34,2022,13,31146.0,abm-helper
15.5,unknown,44178.0,2022-08-28 13:21:01+00,1661692861,15257443,Device30,Scan122,coreauthd,2022-08-28,2022_08_week34,2022,13,20521.0,coreduetd
15.5,unknown,32532.0,2022-08-31 13:22:02+00,1661952122,15259620,Device30,Scan122,searchd,2022-08-31,2022_08_week35,2022,13,32435.0,com.apple.AppleUserHIDDrivers
15.5,unknown,73682.0,2022-08-31 13:22:02+00,1661952122,15259622,Device30,Scan122,analyticsd,2022-08-31,2022_08_week35,2022,13,27327.0,GoogleCalendar
15.5,unknown,56242.0,2022-08-31 13:27:18+00,1661952438,15259640,Device30,Scan122,OTATaskingAgent,2022-08-31,2022_08_week35,2022,13,56209.0,runningboardd
15.5,unknown,32532.0,2022-09-01 14:27:38+00,1662042458,15260309,Device30,Scan122,searchd,2022-09-01,2022_09_week35,2022,14,32435.0,com.apple.AppleUserHIDDrivers
15.5,unknown,73682.0,2022-09-01 14:27:38+00,1662042458,15260311,Device30,Scan122,analyticsd,2022-09-01,2022_09_week35,2022,14,40168.0,UO
15.5,unknown,32532.0,2022-09-01 14:46:43+00,1662043603,15260650,Device30,Scan122,searchd,2022-09-01,2022_09_week35,2022,14,32435.0,com.apple.AppleUserHIDDrivers
15.5,unknown,32532.0,2022-09-01 14:46:53+00,1662043613,15260955,Device30,Scan122,searchd,2022-09-01,2022_09_week35,2022,14,32435.0,com.apple.AppleUserHIDDrivers
15.5,unknown,73682.0,2022-09-01 14:46:53+00,1662043613,15260957,Device30,Scan122,analyticsd,2022-09-01,2022_09_week35,2022,14,39408.0,Zoom
15.5,unknown,32532.0,2022-09-01 22:29:52+00,1662071392,15261427,Device30,Scan122,searchd,2022-09-01,2022_09_week35,2022,22,32435.0,com.apple.AppleUserHIDDrivers
15.5,unknown,32532.0,2022-09-02 13:22:29+00,1662124949,15261919,Device30,Scan122,searchd,2022-09-02,2022_09_week35,2022,13,32435.0,com.apple.AppleUserHIDDrivers
15.5,unknown,32532.0,2022-09-02 18:51:42+00,1662144702,15262352,Device30,Scan122,searchd,2022-09-02,2022_09_week35,2022,18,32435.0,com.apple.AppleUserHIDDrivers
15.5,unknown,73682.0,2022-09-02 18:51:42+00,1662144702,15262354,Device30,Scan122,analyticsd,2022-09-02,2022_09_week35,2022,18,41005.0,geod
15.5,unknown,32532.0,2022-09-03 13:22:29+00,1662211349,15263264,Device30,Scan122,searchd,2022-09-03,2022_09_week35,2022,13,32435.0,com.apple.AppleUserHIDDrivers
15.5,unknown,32532.0,2022-09-04 15:25:53+00,1662305153,15264348,Device30,Scan122,searchd,2022-09-04,2022_09_week35,2022,15,32435.0,com.apple.AppleUserHIDDrivers
15.5,unknown,32608.0,2022-09-05 18:22:48+00,1662402168,15265772,Device30,Scan122,syncdefaultsd,2022-09-05,2022_09_week36,2022,18,32511.0,com.apple.AppleUserHIDDrivers
15.5,unknown,32629.0,2022-09-06 20:27:16+00,1662496036,15267301,Device30,Scan122,rtcreportingd,2022-09-06,2022_09_week36,2022,20,32532.0,com.apple.AppleUserHIDDrivers
15.5,unknown,62468.0,2022-09-06 20:27:16+00,1662496036,15267280,Device30,Scan122,dasd,2022-09-06,2022_09_week36,2022,20,21513.0,IOMFB_bics_daemon
15.5,unknown,99900.0,2022-09-06 22:53:07+00,1662504787,15267477,Device30,Scan122,Gmail,2022-09-06,2022_09_week36,2022,22,99791.0,com.apple.WebKit.Networking
15.5,unknown,98122.0,2022-09-07 20:56:00+00,1662584160,15268023,Device30,Scan122,wcd,2022-09-07,2022_09_week36,2022,20,93928.0,abm-helper
15.5,unknown,32633.0,2022-09-07 20:56:01+00,1662584161,15268166,Device30,Scan122,bluetoothd,2022-09-07,2022_09_week36,2022,20,32536.0,com.apple.AppleUserHIDDrivers
15.5,unknown,62468.0,2022-09-07 20:56:01+00,1662584161,15268146,Device30,Scan122,dasd,2022-09-07,2022_09_week36,2022,20,21513.0,IOMFB_bics_daemon
15.5,unknown,32633.0,2022-09-08 11:47:26+00,1662637646,15268678,Device30,Scan122,bluetoothd,2022-09-08,2022_09_week36,2022,11,30131.0,CarPlay
15.5,unknown,62468.0,2022-09-08 11:47:26+00,1662637646,15268658,Device30,Scan122,dasd,2022-09-08,2022_09_week36,2022,11,21513.0,IOMFB_bics_daemon
15.5,unknown,32633.0,2022-09-08 11:48:43+00,1662637723,15269000,Device30,Scan122,bluetoothd,2022-09-08,2022_09_week36,2022,11,25570.0,abm-helper
15.5,unknown,62468.0,2022-09-08 11:48:43+00,1662637723,15268980,Device30,Scan122,dasd,2022-09-08,2022_09_week36,2022,11,21513.0,IOMFB_bics_daemon
15.5,unknown,91909.0,2022-09-08 11:49:50+00,1662637790,15269282,Device30,Scan122,Etsy,2022-09-08,2022_09_week36,2022,11,84829.0,abm-helper
15.5,unknown,32633.0,2022-09-08 11:49:51+00,1662637791,15269322,Device30,Scan122,bluetoothd,2022-09-08,2022_09_week36,2022,11,32536.0,com.apple.AppleUserHIDDrivers
15.5,unknown,62468.0,2022-09-08 11:49:51+00,1662637791,15269302,Device30,Scan122,dasd,2022-09-08,2022_09_week36,2022,11,21513.0,IOMFB_bics_daemon
15.5,unknown,32633.0,2022-09-08 11:50:32+00,1662637832,15269644,Device30,Scan122,bluetoothd,2022-09-08,2022_09_week36,2022,11,25539.0,abm-helper
15.5,unknown,62468.0,2022-09-08 11:50:32+00,1662637832,15269624,Device30,Scan122,dasd,2022-09-08,2022_09_week36,2022,11,21513.0,IOMFB_bics_daemon
15.5,unknown,91911.0,2022-09-09 12:11:37+00,1662725497,15270229,Device30,Scan122,Sheets,2022-09-09,2022_09_week36,2022,12,80512.0,aggregated
15.5,unknown,32633.0,2022-09-09 12:11:38+00,1662725498,15270267,Device30,Scan122,bluetoothd,2022-09-09,2022_09_week36,2022,12,32536.0,com.apple.AppleUserHIDDrivers
15.5,unknown,74283.0,2022-09-09 12:11:38+00,1662725498,15270247,Device30,Scan122,locationd,2022-09-09,2022_09_week36,2022,12,33328.0,IOMFB_bics_daemon
15.5,unknown,32633.0,2022-09-09 12:11:48+00,1662725508,15270580,Device30,Scan122,bluetoothd,2022-09-09,2022_09_week36,2022,12,24038.0,fileproviderd
15.5,unknown,74283.0,2022-09-09 12:11:48+00,1662725508,15270560,Device30,Scan122,locationd,2022-09-09,2022_09_week36,2022,12,33328.0,IOMFB_bics_daemon
15.5,unknown,78228.0,2022-09-11 11:50:50+00,1662897050,15272176,Device30,Scan122,contextstored,2022-09-11,2022_09_week36,2022,11,37273.0,IOMFB_bics_daemon
15.5,unknown,78228.0,2022-09-12 12:41:10+00,1662986470,15272952,Device30,Scan122,contextstored,2022-09-12,2022_09_week37,2022,12,37273.0,IOMFB_bics_daemon
15.5,unknown,78228.0,2022-09-12 13:14:23+00,1662988463,15273312,Device30,Scan122,contextstored,2022-09-12,2022_09_week37,2022,13,37273.0,IOMFB_bics_daemon
15.5,unknown,24478.0,2022-11-10 20:30:51+00,1668112251,15136873,Device30,Scan123,LinkedIn,2022-11-10,2022_11_week45,2022,20,22416.0,com.apple.WebKit.WebContent
15.5,unknown,29346.0,2022-11-11 22:25:44+00,1668205544,15137483,Device30,Scan123,mapspushd,2022-11-11,2022_11_week45,2022,22,29254.0,fairplayd.H2
15.5,unknown,34022.0,2022-08-12 14:56:57+00,1660316217,15179440,Device30,Scan32,accessoryupdaterd,2022-08-12,2022_08_week32,2022,14,33757.0,com.apple.FaceTime.FTConversati
15.5,unknown,56842.0,2022-08-15 19:55:15+00,1660593315,15186630,Device30,Scan32,App,2022-08-15,2022_08_week33,2022,19,47525.0,OOG104
15.5,unknown,71656.0,2022-08-17 14:00:42+00,1660744842,15189899,Device30,Scan32,ClassPass,2022-08-17,2022_08_week33,2022,14,71505.0,syncdefaultsd
15.5,unknown,79582.0,2022-08-18 21:41:11+00,1660858871,15196496,Device30,Scan32,mapspushd,2022-08-18,2022_08_week33,2022,21,78612.0,coreidvd
15.5,unknown,23657.0,2022-08-22 20:09:18+00,1661198958,15202428,Device30,Scan32,coreduetd,2022-08-22,2022_08_week34,2022,20,22046.0,abm-helper
15.5,unknown,44178.0,2022-08-23 20:49:25+00,1661287765,15204306,Device30,Scan32,coreauthd,2022-08-23,2022_08_week34,2022,20,20521.0,coreduetd
15.5,unknown,44178.0,2022-08-24 15:22:04+00,1661354524,15205542,Device30,Scan32,coreauthd,2022-08-24,2022_08_week34,2022,15,20521.0,coreduetd
15.5,unknown,44178.0,2022-08-24 15:54:20+00,1661356460,15206390,Device30,Scan32,coreauthd,2022-08-24,2022_08_week34,2022,15,20521.0,coreduetd
15.5,unknown,44178.0,2022-08-25 13:12:31+00,1661433151,15207420,Device30,Scan32,coreauthd,2022-08-25,2022_08_week34,2022,13,20521.0,coreduetd
15.5,unknown,25870.0,2022-08-26 20:12:58+00,1661544778,15209443,Device30,Scan32,OTATaskingAgent,2022-08-26,2022_08_week34,2022,20,25806.0,SpringBoard
15.5,unknown,44178.0,2022-08-28 12:35:20+00,1661690120,15211394,Device30,Scan32,coreauthd,2022-08-28,2022_08_week34,2022,12,20521.0,coreduetd
15.5,unknown,63421.0,2022-08-28 13:21:00+00,1661692860,15212246,Device30,Scan32,kbd,2022-08-28,2022_08_week34,2022,13,31146.0,abm-helper
15.5,unknown,44178.0,2022-08-28 13:21:01+00,1661692861,15212250,Device30,Scan32,coreauthd,2022-08-28,2022_08_week34,2022,13,20521.0,coreduetd
15.5,unknown,32532.0,2022-08-31 13:22:02+00,1661952122,15216427,Device30,Scan32,searchd,2022-08-31,2022_08_week35,2022,13,32435.0,com.apple.AppleUserHIDDrivers
15.5,unknown,73682.0,2022-08-31 13:22:02+00,1661952122,15216429,Device30,Scan32,analyticsd,2022-08-31,2022_08_week35,2022,13,27327.0,GoogleCalendar
15.5,unknown,56242.0,2022-08-31 13:27:18+00,1661952438,15216447,Device30,Scan32,OTATaskingAgent,2022-08-31,2022_08_week35,2022,13,56209.0,runningboardd
15.5,unknown,32532.0,2022-09-01 14:27:38+00,1662042458,15217616,Device30,Scan32,searchd,2022-09-01,2022_09_week35,2022,14,32435.0,com.apple.AppleUserHIDDrivers
15.5,unknown,73682.0,2022-09-01 14:27:38+00,1662042458,15217618,Device30,Scan32,analyticsd,2022-09-01,2022_09_week35,2022,14,40168.0,UO
15.5,unknown,32532.0,2022-09-01 14:46:43+00,1662043603,15217957,Device30,Scan32,searchd,2022-09-01,2022_09_week35,2022,14,32435.0,com.apple.AppleUserHIDDrivers
15.5,unknown,32532.0,2022-09-01 14:46:53+00,1662043613,15218262,Device30,Scan32,searchd,2022-09-01,2022_09_week35,2022,14,32435.0,com.apple.AppleUserHIDDrivers
15.5,unknown,73682.0,2022-09-01 14:46:53+00,1662043613,15218264,Device30,Scan32,analyticsd,2022-09-01,2022_09_week35,2022,14,39408.0,Zoom
15.5,unknown,32532.0,2022-09-01 22:29:52+00,1662071392,15219234,Device30,Scan32,searchd,2022-09-01,2022_09_week35,2022,22,32435.0,com.apple.AppleUserHIDDrivers
15.5,unknown,32532.0,2022-09-02 13:22:29+00,1662124949,15220226,Device30,Scan32,searchd,2022-09-02,2022_09_week35,2022,13,32435.0,com.apple.AppleUserHIDDrivers
15.5,unknown,32532.0,2022-09-02 18:51:42+00,1662144702,15220659,Device30,Scan32,searchd,2022-09-02,2022_09_week35,2022,18,32435.0,com.apple.AppleUserHIDDrivers
15.5,unknown,73682.0,2022-09-02 18:51:42+00,1662144702,15220661,Device30,Scan32,analyticsd,2022-09-02,2022_09_week35,2022,18,41005.0,geod
15.5,unknown,32532.0,2022-09-03 13:22:29+00,1662211349,15222571,Device30,Scan32,searchd,2022-09-03,2022_09_week35,2022,13,32435.0,com.apple.AppleUserHIDDrivers
15.5,unknown,32532.0,2022-09-04 15:25:53+00,1662305153,15224655,Device30,Scan32,searchd,2022-09-04,2022_09_week35,2022,15,32435.0,com.apple.AppleUserHIDDrivers
15.5,unknown,32608.0,2022-09-05 18:22:48+00,1662402168,15227579,Device30,Scan32,syncdefaultsd,2022-09-05,2022_09_week36,2022,18,32511.0,com.apple.AppleUserHIDDrivers
15.5,unknown,32629.0,2022-09-06 20:27:16+00,1662496036,15229651,Device30,Scan32,rtcreportingd,2022-09-06,2022_09_week36,2022,20,32532.0,com.apple.AppleUserHIDDrivers
15.5,unknown,62468.0,2022-09-06 20:27:16+00,1662496036,15229630,Device30,Scan32,dasd,2022-09-06,2022_09_week36,2022,20,21513.0,IOMFB_bics_daemon
15.5,unknown,99900.0,2022-09-06 22:53:07+00,1662504787,15229827,Device30,Scan32,Gmail,2022-09-06,2022_09_week36,2022,22,99791.0,com.apple.WebKit.Networking
15.5,unknown,98122.0,2022-09-07 20:56:00+00,1662584160,15230373,Device30,Scan32,wcd,2022-09-07,2022_09_week36,2022,20,93928.0,abm-helper
15.5,unknown,32633.0,2022-09-07 20:56:01+00,1662584161,15230516,Device30,Scan32,bluetoothd,2022-09-07,2022_09_week36,2022,20,32536.0,com.apple.AppleUserHIDDrivers
15.5,unknown,62468.0,2022-09-07 20:56:01+00,1662584161,15230496,Device30,Scan32,dasd,2022-09-07,2022_09_week36,2022,20,21513.0,IOMFB_bics_daemon
15.5,unknown,32633.0,2022-09-08 11:47:26+00,1662637646,15231028,Device30,Scan32,bluetoothd,2022-09-08,2022_09_week36,2022,11,30131.0,CarPlay
15.5,unknown,62468.0,2022-09-08 11:47:26+00,1662637646,15231008,Device30,Scan32,dasd,2022-09-08,2022_09_week36,2022,11,21513.0,IOMFB_bics_daemon
15.5,unknown,32633.0,2022-09-08 11:48:43+00,1662637723,15231350,Device30,Scan32,bluetoothd,2022-09-08,2022_09_week36,2022,11,25570.0,abm-helper
15.5,unknown,62468.0,2022-09-08 11:48:43+00,1662637723,15231330,Device30,Scan32,dasd,2022-09-08,2022_09_week36,2022,11,21513.0,IOMFB_bics_daemon
15.5,unknown,91909.0,2022-09-08 11:49:50+00,1662637790,15231632,Device30,Scan32,Etsy,2022-09-08,2022_09_week36,2022,11,84829.0,abm-helper
15.5,unknown,32633.0,2022-09-08 11:49:51+00,1662637791,15231672,Device30,Scan32,bluetoothd,2022-09-08,2022_09_week36,2022,11,32536.0,com.apple.AppleUserHIDDrivers
15.5,unknown,62468.0,2022-09-08 11:49:51+00,1662637791,15231652,Device30,Scan32,dasd,2022-09-08,2022_09_week36,2022,11,21513.0,IOMFB_bics_daemon
15.5,unknown,32633.0,2022-09-08 11:50:32+00,1662637832,15231994,Device30,Scan32,bluetoothd,2022-09-08,2022_09_week36,2022,11,25539.0,abm-helper
15.5,unknown,62468.0,2022-09-08 11:50:32+00,1662637832,15231974,Device30,Scan32,dasd,2022-09-08,2022_09_week36,2022,11,21513.0,IOMFB_bics_daemon
15.5,unknown,91911.0,2022-09-09 12:11:37+00,1662725497,15232579,Device30,Scan32,Sheets,2022-09-09,2022_09_week36,2022,12,80512.0,aggregated
15.5,unknown,32633.0,2022-09-09 12:11:38+00,1662725498,15232617,Device30,Scan32,bluetoothd,2022-09-09,2022_09_week36,2022,12,32536.0,com.apple.AppleUserHIDDrivers
15.5,unknown,74283.0,2022-09-09 12:11:38+00,1662725498,15232597,Device30,Scan32,locationd,2022-09-09,2022_09_week36,2022,12,33328.0,IOMFB_bics_daemon
15.5,unknown,32633.0,2022-09-09 12:11:48+00,1662725508,15232930,Device30,Scan32,bluetoothd,2022-09-09,2022_09_week36,2022,12,24038.0,fileproviderd
15.5,unknown,74283.0,2022-09-09 12:11:48+00,1662725508,15232910,Device30,Scan32,locationd,2022-09-09,2022_09_week36,2022,12,33328.0,IOMFB_bics_daemon
15.5,unknown,78228.0,2022-09-11 11:50:50+00,1662897050,15234526,Device30,Scan32,contextstored,2022-09-11,2022_09_week36,2022,11,37273.0,IOMFB_bics_daemon
15.5,unknown,78228.0,2022-09-12 12:41:10+00,1662986470,15235302,Device30,Scan32,contextstored,2022-09-12,2022_09_week37,2022,12,37273.0,IOMFB_bics_daemon
15.5,unknown,78228.0,2022-09-12 13:14:23+00,1662988463,15235662,Device30,Scan32,contextstored,2022-09-12,2022_09_week37,2022,13,37273.0,IOMFB_bics_daemon
15.5,unknown,78228.0,2022-09-12 22:13:37+00,1663020817,15236230,Device30,Scan32,contextstored,2022-09-12,2022_09_week37,2022,22,37273.0,IOMFB_bics_daemon
15.5,unknown,98672.0,2022-09-13 22:15:11+00,1663107311,15236857,Device30,Scan32,App,2022-09-13,2022_09_week37,2022,22,62242.0,abm-helper
15.5,unknown,32633.0,2022-09-13 22:15:12+00,1663107312,15236912,Device30,Scan32,bluetoothd,2022-09-13,2022_09_week37,2022,22,32536.0,com.apple.AppleUserHIDDrivers
15.5,unknown,78228.0,2022-09-13 22:15:12+00,1663107312,15236892,Device30,Scan32,contextstored,2022-09-13,2022_09_week37,2022,22,37273.0,IOMFB_bics_daemon
15.5,unknown,78228.0,2022-09-15 03:34:38+00,1663212878,15237754,Device30,Scan32,contextstored,2022-09-15,2022_09_week37,2022,3,37273.0,IOMFB_bics_daemon
15.3,unknown,22818.0,2022-02-11 14:02:10+00,1644588130,14237773,Device30,Scan93,racoon,2022-02-11,2022_02_week6,2022,14,22699.0,trustd
15.3,unknown,27129.0,2022-02-15 04:53:32+00,1644900812,14247646,Device30,Scan93,healthd,2022-02-15,2022_02_week7,2022,4,26756.0,wifip2pd
15.3,unknown,27320.0,2022-02-16 06:09:56+00,1644991796,14249708,Device30,Scan93,accountsd,2022-02-16,2022_02_week7,2022,6,26947.0,wifip2pd
15.3,unknown,27320.0,2022-02-16 06:10:19+00,1644991819,14249942,Device30,Scan93,accountsd,2022-02-16,2022_02_week7,2022,6,26947.0,wifip2pd
15.3,unknown,27320.0,2022-02-18 03:09:25+00,1645153765,14252932,Device30,Scan93,accountsd,2022-02-18,2022_02_week7,2022,3,26947.0,wifip2pd
15.3,unknown,64892.0,2022-02-18 03:14:43+00,1645154083,14252993,Device30,Scan93,announced,2022-02-18,2022_02_week7,2022,3,64519.0,wifip2pd
15.3,unknown,27320.0,2022-02-19 20:54:16+00,1645304056,14255777,Device30,Scan93,accountsd,2022-02-19,2022_02_week7,2022,20,26947.0,wifip2pd
15.3,unknown,27320.0,2022-02-19 20:54:38+00,1645304078,14255977,Device30,Scan93,accountsd,2022-02-19,2022_02_week7,2022,20,26947.0,wifip2pd
15.3,unknown,27320.0,2022-02-21 04:44:15+00,1645418655,14257361,Device30,Scan93,accountsd,2022-02-21,2022_02_week8,2022,4,26947.0,wifip2pd
15.3,unknown,27320.0,2022-02-21 04:44:25+00,1645418665,14257610,Device30,Scan93,accountsd,2022-02-21,2022_02_week8,2022,4,26947.0,wifip2pd
15.3,unknown,27320.0,2022-02-22 14:06:26+00,1645538786,14258551,Device30,Scan93,accountsd,2022-02-22,2022_02_week8,2022,14,26947.0,wifip2pd
15.3,unknown,27320.0,2022-02-22 14:06:39+00,1645538799,14258766,Device30,Scan93,accountsd,2022-02-22,2022_02_week8,2022,14,26947.0,wifip2pd
15.3,unknown,27320.0,2022-02-23 19:11:27+00,1645643487,14259710,Device30,Scan93,accountsd,2022-02-23,2022_02_week8,2022,19,26947.0,wifip2pd
15.3,unknown,91670.0,2022-02-23 19:12:35+00,1645643555,14259809,Device30,Scan93,asd,2022-02-23,2022_02_week8,2022,19,91587.0,distnoted
15.3,unknown,27320.0,2022-02-23 19:12:36+00,1645643556,14260026,Device30,Scan93,accountsd,2022-02-23,2022_02_week8,2022,19,26947.0,wifip2pd
15.3,unknown,27320.0,2022-02-24 21:27:46+00,1645738066,14261030,Device30,Scan93,accountsd,2022-02-24,2022_02_week8,2022,21,21724.0,abm-helper
15.3,unknown,27320.0,2022-02-24 21:27:58+00,1645738078,14261317,Device30,Scan93,accountsd,2022-02-24,2022_02_week8,2022,21,26947.0,wifip2pd
15.3,unknown,76798.0,2022-03-04 17:47:25+00,1646416045,14074704,Device30,Scan93,coreduetd,2022-03-04,2022_03_week9,2022,17,42309.0,osanalyticshelper
15.5,unknown,31200.0,2023-01-08 17:06:27+00,1673197587,14180331,Device30,Scan94,ANECompilerService,2023-01-08,2023_01_week1,2023,17,31164.0,fseventsd
15.5,unknown,65746.0,2023-01-13 21:18:35+00,1673644715,14183954,Device30,Scan94,OTATaskingAgent,2023-01-13,2023_01_week2,2023,21,33480.0,Helix
15.5,unknown,20938.0,2022-12-09 23:08:38+00,1670627318,14378424,Device30,Scan96,PassbookUIService,2022-12-09,2022_12_week49,2022,23,20795.0,apsd
15.5,unknown,45661.0,2022-12-09 23:13:45+00,1670627625,14378473,Device30,Scan96,OTATaskingAgent,2022-12-09,2022_12_week49,2022,23,23048.0,mobicint-ios
15.5,unknown,20938.0,2022-12-11 17:30:21+00,1670779821,14380848,Device30,Scan96,PassbookUIService,2022-12-11,2022_12_week49,2022,17,20795.0,apsd
15.5,unknown,23480.0,2022-12-11 17:31:38+00,1670779898,14381759,Device30,Scan96,NameIdPhase2,2022-12-11,2022_12_week49,2022,17,23375.0,analyticsd
15.5,unknown,20938.0,2022-12-11 17:31:39+00,1670779899,14381831,Device30,Scan96,PassbookUIService,2022-12-11,2022_12_week49,2022,17,20795.0,apsd
15.5,unknown,52487.0,2022-12-11 17:36:48+00,1670780208,14381873,Device30,Scan96,NANDTaskScheduler,2022-12-11,2022_12_week49,2022,17,29009.0,ClassPass
15.5,unknown,22500.0,2022-12-12 23:45:22+00,1670888722,14383767,Device30,Scan96,navd,2022-12-12,2022_12_week50,2022,23,22357.0,apsd
15.5,unknown,60845.0,2022-12-12 23:50:40+00,1670889040,14383805,Device30,Scan96,com.apple.WebKit.WebContent,2022-12-12,2022_12_week50,2022,23,37348.0,Raya
15.5,unknown,22500.0,2022-12-14 00:02:04+00,1670976124,14384978,Device30,Scan96,navd,2022-12-14,2022_12_week50,2022,0,22357.0,apsd
15.4.1,unknown,37718.0,2022-05-26 03:36:00+00,1653536160,14618889,Device30,Scan97,ASPCarryLog,2022-05-26,2022_05_week21,2022,3,37613.0,biometrickitd
16.2,unknown,28096.0,2023-03-22 07:14:29+00,1679469269,14344038,Device30,Scan98,UserEventAgent,2023-03-22,2023_03_week12,2023,7,28095.0,launchd
16.2,unknown,28096.0,2023-03-23 05:07:59+00,1679548079,14344989,Device30,Scan98,UserEventAgent,2023-03-23,2023_03_week12,2023,5,28095.0,launchd
16.2,unknown,28096.0,2023-03-23 05:29:09+00,1679549349,14345271,Device30,Scan98,UserEventAgent,2023-03-23,2023_03_week12,2023,5,28095.0,launchd
16.2,unknown,28096.0,2023-03-24 05:29:38+00,1679635778,14346874,Device30,Scan98,UserEventAgent,2023-03-24,2023_03_week12,2023,5,28095.0,launchd
16.2,unknown,28096.0,2023-03-25 15:07:28+00,1679756848,14348190,Device30,Scan98,UserEventAgent,2023-03-25,2023_03_week12,2023,15,28095.0,launchd
16.2,unknown,28096.0,2023-03-26 15:01:45+00,1679842905,14349133,Device30,Scan98,UserEventAgent,2023-03-26,2023_03_week12,2023,15,28095.0,launchd
16.2,unknown,28096.0,2023-03-27 16:05:05+00,1679933105,14350314,Device30,Scan98,UserEventAgent,2023-03-27,2023_03_week13,2023,16,28095.0,launchd
16.2,unknown,28096.0,2023-03-27 16:05:14+00,1679933114,14350682,Device30,Scan98,UserEventAgent,2023-03-27,2023_03_week13,2023,16,28095.0,launchd
16.2,unknown,28096.0,2023-03-28 20:55:59+00,1680036959,14351997,Device30,Scan98,UserEventAgent,2023-03-28,2023_03_week13,2023,20,28095.0,launchd
16.2,unknown,67806.0,2023-03-28 21:01:16+00,1680037276,14352039,Device30,Scan98,OTATaskingAgent,2023-03-28,2023_03_week13,2023,21,39576.0,nsurlsessiond
16.2,unknown,28096.0,2023-03-30 17:24:23+00,1680197063,14353667,Device30,Scan98,UserEventAgent,2023-03-30,2023_03_week13,2023,17,28095.0,launchd
16.2,unknown,28096.0,2023-03-30 17:49:41+00,1680198581,14354048,Device30,Scan98,UserEventAgent,2023-03-30,2023_03_week13,2023,17,28095.0,launchd
16.2,unknown,75953.0,2023-03-30 18:05:46+00,1680199546,14354059,Device30,Scan98,parsecd,2023-03-30,2023_03_week13,2023,18,47338.0,TwixlContainer
16.2,unknown,28096.0,2023-03-30 22:41:40+00,1680216100,14354520,Device30,Scan98,UserEventAgent,2023-03-30,2023_03_week13,2023,22,28095.0,launchd
16.2,unknown,20769.0,2023-04-04 17:04:12+00,1680627852,14359787,Device30,Scan98,OTATaskingAgent,2023-04-04,2023_04_week14,2023,17,20660.0,biometrickitd
16.2,unknown,33897.0,2023-04-06 21:04:14+00,1680815054,14362703,Device30,Scan98,PassKitEngagementExtension,2023-04-06,2023_04_week14,2023,21,32790.0,Etsy
16.2,unknown,28096.0,2023-03-22 07:14:29+00,1679469269,14523404,Device30,Scan99,UserEventAgent,2023-03-22,2023_03_week12,2023,7,28095.0,launchd
16.2,unknown,28096.0,2023-03-23 05:07:59+00,1679548079,14524355,Device30,Scan99,UserEventAgent,2023-03-23,2023_03_week12,2023,5,28095.0,launchd
16.2,unknown,28096.0,2023-03-23 05:29:09+00,1679549349,14524637,Device30,Scan99,UserEventAgent,2023-03-23,2023_03_week12,2023,5,28095.0,launchd
16.2,unknown,28096.0,2023-03-24 05:29:38+00,1679635778,14526240,Device30,Scan99,UserEventAgent,2023-03-24,2023_03_week12,2023,5,28095.0,launchd
16.2,unknown,28096.0,2023-03-25 15:07:28+00,1679756848,14527556,Device30,Scan99,UserEventAgent,2023-03-25,2023_03_week12,2023,15,28095.0,launchd
16.2,unknown,28096.0,2023-03-26 15:01:45+00,1679842905,14528499,Device30,Scan99,UserEventAgent,2023-03-26,2023_03_week12,2023,15,28095.0,launchd
16.5,unknown,33246.0,2023-06-14 02:47:44+00,1686710864,10673689,Device7,Scan11,contentlinkingd,2023-06-14,2023_06_week24,2023,2,33175.0,sharingd
